Year,Entidad federativa,Municipio,Sexo,GeoCode,Value
2021,Estados Unidos Mexicanos,,Total,0,39.92999999999999
2020,Estados Unidos Mexicanos,,Total,0,37.52000000000003
2019,Estados Unidos Mexicanos,,Total,0,34.69000000000003
2018,Estados Unidos Mexicanos,,Total,0,33.0
2017,Estados Unidos Mexicanos,,Total,0,31.36999999999992
2016,Estados Unidos Mexicanos,,Total,0,30.03662288297836
2021,Estados Unidos Mexicanos,,Hombres,0,40.600000000000016
2020,Estados Unidos Mexicanos,,Hombres,0,38.03000000000005
2019,Estados Unidos Mexicanos,,Hombres,0,35.38999999999998
2018,Estados Unidos Mexicanos,,Hombres,0,33.57000000000007
2017,Estados Unidos Mexicanos,,Hombres,0,31.82999999999995
2016,Estados Unidos Mexicanos,,Hombres,0,30.591178301344733
2021,Estados Unidos Mexicanos,,Mujeres,0,38.67000000000005
2020,Estados Unidos Mexicanos,,Mujeres,0,36.55999999999999
2019,Estados Unidos Mexicanos,,Mujeres,0,33.36000000000004
2018,Estados Unidos Mexicanos,,Mujeres,0,31.86999999999992
2017,Estados Unidos Mexicanos,,Mujeres,0,30.44999999999994
2016,Estados Unidos Mexicanos,,Mujeres,0,28.9230523972501
2021,Aguascalientes,,Total,1,38.98999999999988
2020,Aguascalientes,,Total,1,37.57999999999995
2019,Aguascalientes,,Total,1,33.780000000000086
2018,Aguascalientes,,Total,1,31.13000000000008
2017,Aguascalientes,,Total,1,29.849999999999937
2016,Aguascalientes,,Total,1,29.25627588656552
2021,Aguascalientes,,Hombres,1,38.86999999999992
2020,Aguascalientes,,Hombres,1,37.28999999999997
2019,Aguascalientes,,Hombres,1,33.76999999999999
2018,Aguascalientes,,Hombres,1,30.96000000000003
2017,Aguascalientes,,Hombres,1,30.059999999999956
2016,Aguascalientes,,Hombres,1,29.453864280864437
2021,Aguascalientes,,Mujeres,1,39.19999999999992
2020,Aguascalientes,,Mujeres,1,38.15000000000002
2019,Aguascalientes,,Mujeres,1,33.800000000000075
2018,Aguascalientes,,Mujeres,1,31.46999999999992
2017,Aguascalientes,,Mujeres,1,29.42999999999994
2016,Aguascalientes,,Mujeres,1,28.84561298258778
2021,Aguascalientes,Aguascalientes,Total,10010001,41.35999999999997
2020,Aguascalientes,Aguascalientes,Total,10010001,39.98999999999988
2019,Aguascalientes,Aguascalientes,Total,10010001,35.84999999999996
2018,Aguascalientes,Aguascalientes,Total,10010001,33.15000000000006
2017,Aguascalientes,Aguascalientes,Total,10010001,31.940000000000047
2016,Aguascalientes,Aguascalientes,Total,10010001,31.602456544276745
2021,Aguascalientes,Aguascalientes,Hombres,10010001,41.96000000000003
2020,Aguascalientes,Aguascalientes,Hombres,10010001,40.21000000000003
2019,Aguascalientes,Aguascalientes,Hombres,10010001,36.17999999999996
2018,Aguascalientes,Aguascalientes,Hombres,10010001,33.300000000000075
2017,Aguascalientes,Aguascalientes,Hombres,10010001,32.55999999999995
2016,Aguascalientes,Aguascalientes,Hombres,10010001,32.05501231108646
2021,Aguascalientes,Aguascalientes,Mujeres,10010001,40.38000000000009
2020,Aguascalientes,Aguascalientes,Mujeres,10010001,39.640000000000015
2019,Aguascalientes,Aguascalientes,Mujeres,10010001,35.27
2018,Aguascalientes,Aguascalientes,Mujeres,10010001,32.90000000000006
2017,Aguascalientes,Aguascalientes,Mujeres,10010001,30.820000000000064
2016,Aguascalientes,Aguascalientes,Mujeres,10010001,30.759657430737175
2021,Baja California,,Total,2,50.84000000000009
2020,Baja California,,Total,2,46.39999999999994
2019,Baja California,,Total,2,43.47999999999991
2018,Baja California,,Total,2,40.57000000000001
2017,Baja California,,Total,2,37.21000000000003
2016,Baja California,,Total,2,35.45309786603816
2021,Baja California,,Hombres,2,52.32999999999994
2020,Baja California,,Hombres,2,47.52000000000012
2019,Baja California,,Hombres,2,45.0200000000001
2018,Baja California,,Hombres,2,41.909999999999926
2017,Baja California,,Hombres,2,38.69999999999992
2016,Baja California,,Hombres,2,36.59726573188215
2021,Baja California,,Mujeres,2,48.32999999999994
2020,Baja California,,Mujeres,2,44.430000000000014
2019,Baja California,,Mujeres,2,40.96000000000003
2018,Baja California,,Mujeres,2,38.28999999999997
2017,Baja California,,Mujeres,2,34.599999999999945
2016,Baja California,,Mujeres,2,33.43161001540684
2021,Baja California,Ensenada,Total,20010001,
2020,Baja California,Ensenada,Total,20010001,
2019,Baja California,Ensenada,Total,20010001,
2018,Baja California,Ensenada,Total,20010001,
2017,Baja California,Ensenada,Total,20010001,
2016,Baja California,Ensenada,Total,20010001,
2021,Baja California,Ensenada,Hombres,20010001,
2020,Baja California,Ensenada,Hombres,20010001,
2019,Baja California,Ensenada,Hombres,20010001,
2018,Baja California,Ensenada,Hombres,20010001,
2017,Baja California,Ensenada,Hombres,20010001,
2016,Baja California,Ensenada,Hombres,20010001,
2021,Baja California,Ensenada,Mujeres,20010001,
2020,Baja California,Ensenada,Mujeres,20010001,
2019,Baja California,Ensenada,Mujeres,20010001,
2018,Baja California,Ensenada,Mujeres,20010001,
2017,Baja California,Ensenada,Mujeres,20010001,
2016,Baja California,Ensenada,Mujeres,20010001,
2021,Baja California,Mexicali,Total,20020001,58.649999999999885
2020,Baja California,Mexicali,Total,20020001,53.30000000000012
2019,Baja California,Mexicali,Total,20020001,51.88000000000009
2018,Baja California,Mexicali,Total,20020001,
2017,Baja California,Mexicali,Total,20020001,
2016,Baja California,Mexicali,Total,20020001,
2021,Baja California,Mexicali,Hombres,20020001,59.47999999999982
2020,Baja California,Mexicali,Hombres,20020001,54.82999999999994
2019,Baja California,Mexicali,Hombres,20020001,53.68999999999988
2018,Baja California,Mexicali,Hombres,20020001,
2017,Baja California,Mexicali,Hombres,20020001,
2016,Baja California,Mexicali,Hombres,20020001,
2021,Baja California,Mexicali,Mujeres,20020001,57.35000000000011
2020,Baja California,Mexicali,Mujeres,20020001,50.75
2019,Baja California,Mexicali,Mujeres,20020001,48.90999999999991
2018,Baja California,Mexicali,Mujeres,20020001,
2017,Baja California,Mexicali,Mujeres,20020001,
2016,Baja California,Mexicali,Mujeres,20020001,
2021,Baja California,Tijuana,Total,20040001,50.0600000000001
2020,Baja California,Tijuana,Total,20040001,46.34000000000008
2019,Baja California,Tijuana,Total,20040001,42.30000000000009
2018,Baja California,Tijuana,Total,20040001,40.80000000000009
2017,Baja California,Tijuana,Total,20040001,37.67000000000005
2016,Baja California,Tijuana,Total,20040001,36.11157992421252
2021,Baja California,Tijuana,Hombres,20040001,51.43999999999989
2020,Baja California,Tijuana,Hombres,20040001,47.67000000000006
2019,Baja California,Tijuana,Hombres,20040001,44.07999999999995
2018,Baja California,Tijuana,Hombres,20040001,42.35000000000003
2017,Baja California,Tijuana,Hombres,20040001,39.140000000000015
2016,Baja California,Tijuana,Hombres,20040001,37.49874952846898
2021,Baja California,Tijuana,Mujeres,20040001,47.68000000000004
2020,Baja California,Tijuana,Mujeres,20040001,44.020000000000095
2019,Baja California,Tijuana,Mujeres,20040001,39.4
2018,Baja California,Tijuana,Mujeres,20040001,38.15000000000002
2017,Baja California,Tijuana,Mujeres,20040001,35.13000000000008
2016,Baja California,Tijuana,Mujeres,20040001,33.743583890152884
2021,Baja California Sur,,Total,3,59.659999999999904
2020,Baja California Sur,,Total,3,52.89000000000009
2019,Baja California Sur,,Total,3,51.61999999999991
2018,Baja California Sur,,Total,3,49.8100000000001
2017,Baja California Sur,,Total,3,48.68999999999991
2016,Baja California Sur,,Total,3,44.18659543927431
2021,Baja California Sur,,Hombres,3,61.32999999999994
2020,Baja California Sur,,Hombres,3,54.43000000000007
2019,Baja California Sur,,Hombres,3,52.72999999999985
2018,Baja California Sur,,Hombres,3,51.90999999999991
2017,Baja California Sur,,Hombres,3,50.14999999999992
2016,Baja California Sur,,Hombres,3,45.32274074937986
2021,Baja California Sur,,Mujeres,3,56.72999999999983
2020,Baja California Sur,,Mujeres,3,49.96000000000003
2019,Baja California Sur,,Mujeres,3,49.68000000000004
2018,Baja California Sur,,Mujeres,3,45.97999999999989
2017,Baja California Sur,,Mujeres,3,45.85000000000005
2016,Baja California Sur,,Mujeres,3,41.97559171234696
2021,Baja California Sur,La Paz,Total,30030001,62.77999999999993
2020,Baja California Sur,La Paz,Total,30030001,54.67000000000006
2019,Baja California Sur,La Paz,Total,30030001,52.32999999999994
2018,Baja California Sur,La Paz,Total,30030001,50.14000000000008
2017,Baja California Sur,La Paz,Total,30030001,49.85000000000007
2016,Baja California Sur,La Paz,Total,30030001,45.72992136101735
2021,Baja California Sur,La Paz,Hombres,30030001,63.67000000000006
2020,Baja California Sur,La Paz,Hombres,30030001,54.840000000000096
2019,Baja California Sur,La Paz,Hombres,30030001,54.22999999999984
2018,Baja California Sur,La Paz,Hombres,30030001,51.68999999999989
2017,Baja California Sur,La Paz,Hombres,30030001,51.06000000000011
2016,Baja California Sur,La Paz,Hombres,30030001,46.89696380966233
2021,Baja California Sur,La Paz,Mujeres,30030001,61.36999999999991
2020,Baja California Sur,La Paz,Mujeres,30030001,54.3999999999999
2019,Baja California Sur,La Paz,Mujeres,30030001,49.30000000000011
2018,Baja California Sur,La Paz,Mujeres,30030001,47.69999999999989
2017,Baja California Sur,La Paz,Mujeres,30030001,47.819999999999965
2016,Baja California Sur,La Paz,Mujeres,30030001,43.74683077614281
2021,Campeche,,Total,4,37.82999999999995
2020,Campeche,,Total,4,34.90999999999994
2019,Campeche,,Total,4,33.469999999999914
2018,Campeche,,Total,4,31.57999999999995
2017,Campeche,,Total,4,30.01000000000009
2016,Campeche,,Total,4,30.178048380420453
2021,Campeche,,Hombres,4,37.52000000000003
2020,Campeche,,Hombres,4,34.800000000000075
2019,Campeche,,Hombres,4,33.949999999999925
2018,Campeche,,Hombres,4,31.510000000000097
2017,Campeche,,Hombres,4,29.940000000000047
2016,Campeche,,Hombres,4,30.05962646402034
2021,Campeche,,Mujeres,4,38.52000000000004
2020,Campeche,,Mujeres,4,35.17000000000005
2019,Campeche,,Mujeres,4,32.44999999999993
2018,Campeche,,Mujeres,4,31.75
2017,Campeche,,Mujeres,4,30.170000000000048
2016,Campeche,,Mujeres,4,30.46544445529516
2021,Campeche,Campeche,Total,40020001,39.96000000000003
2020,Campeche,Campeche,Total,40020001,37.44999999999992
2019,Campeche,Campeche,Total,40020001,34.800000000000075
2018,Campeche,Campeche,Total,40020001,34.42000000000005
2017,Campeche,Campeche,Total,40020001,33.050000000000075
2016,Campeche,Campeche,Total,40020001,32.53684057786233
2021,Campeche,Campeche,Hombres,40020001,39.46999999999996
2020,Campeche,Campeche,Hombres,40020001,36.98999999999989
2019,Campeche,Campeche,Hombres,40020001,35.13999999999998
2018,Campeche,Campeche,Hombres,40020001,34.650000000000055
2017,Campeche,Campeche,Hombres,40020001,33.42999999999993
2016,Campeche,Campeche,Hombres,40020001,32.39674232795823
2021,Campeche,Campeche,Mujeres,40020001,40.78000000000003
2020,Campeche,Campeche,Mujeres,40020001,38.27000000000004
2019,Campeche,Campeche,Mujeres,40020001,34.21000000000003
2018,Campeche,Campeche,Mujeres,40020001,34.03000000000008
2017,Campeche,Campeche,Mujeres,40020001,32.42000000000005
2016,Campeche,Campeche,Mujeres,40020001,32.7975411577695
2021,Campeche,Ciudad del Carmen,Total,40030001,53.89000000000009
2020,Campeche,Ciudad del Carmen,Total,40030001,50.56999999999995
2019,Campeche,Ciudad del Carmen,Total,40030001,
2018,Campeche,Ciudad del Carmen,Total,40030001,
2017,Campeche,Ciudad del Carmen,Total,40030001,
2016,Campeche,Ciudad del Carmen,Total,40030001,
2021,Campeche,Ciudad del Carmen,Hombres,40030001,55.17000000000006
2020,Campeche,Ciudad del Carmen,Hombres,40030001,52.17000000000006
2019,Campeche,Ciudad del Carmen,Hombres,40030001,
2018,Campeche,Ciudad del Carmen,Hombres,40030001,
2017,Campeche,Ciudad del Carmen,Hombres,40030001,
2016,Campeche,Ciudad del Carmen,Hombres,40030001,
2021,Campeche,Ciudad del Carmen,Mujeres,40030001,51.59000000000009
2020,Campeche,Ciudad del Carmen,Mujeres,40030001,47.34000000000008
2019,Campeche,Ciudad del Carmen,Mujeres,40030001,
2018,Campeche,Ciudad del Carmen,Mujeres,40030001,
2017,Campeche,Ciudad del Carmen,Mujeres,40030001,
2016,Campeche,Ciudad del Carmen,Mujeres,40030001,
2021,Coahuila de Zaragoza,,Total,5,45.53999999999997
2020,Coahuila de Zaragoza,,Total,5,43.53999999999997
2019,Coahuila de Zaragoza,,Total,5,41.80000000000009
2018,Coahuila de Zaragoza,,Total,5,38.53999999999997
2017,Coahuila de Zaragoza,,Total,5,36.65999999999994
2016,Coahuila de Zaragoza,,Total,5,34.564156506293905
2021,Coahuila de Zaragoza,,Hombres,5,46.36999999999991
2020,Coahuila de Zaragoza,,Hombres,5,44.42000000000005
2019,Coahuila de Zaragoza,,Hombres,5,42.93999999999995
2018,Coahuila de Zaragoza,,Hombres,5,39.71000000000003
2017,Coahuila de Zaragoza,,Hombres,5,37.15000000000003
2016,Coahuila de Zaragoza,,Hombres,5,35.153892518188506
2021,Coahuila de Zaragoza,,Mujeres,5,43.92000000000005
2020,Coahuila de Zaragoza,,Mujeres,5,41.77000000000008
2019,Coahuila de Zaragoza,,Mujeres,5,39.51000000000012
2018,Coahuila de Zaragoza,,Mujeres,5,36.110000000000014
2017,Coahuila de Zaragoza,,Mujeres,5,35.57000000000005
2016,Coahuila de Zaragoza,,Mujeres,5,33.254696339949085
2021,Coahuila de Zaragoza,Saltillo,Total,50300001,51.06999999999995
2020,Coahuila de Zaragoza,Saltillo,Total,50300001,49.47999999999987
2019,Coahuila de Zaragoza,Saltillo,Total,50300001,48.30000000000011
2018,Coahuila de Zaragoza,Saltillo,Total,50300001,43.60999999999996
2017,Coahuila de Zaragoza,Saltillo,Total,50300001,41.30000000000009
2016,Coahuila de Zaragoza,Saltillo,Total,50300001,39.71571956173095
2021,Coahuila de Zaragoza,Saltillo,Hombres,50300001,52.23999999999985
2020,Coahuila de Zaragoza,Saltillo,Hombres,50300001,50.52999999999998
2019,Coahuila de Zaragoza,Saltillo,Hombres,50300001,49.67000000000006
2018,Coahuila de Zaragoza,Saltillo,Hombres,50300001,43.90999999999992
2017,Coahuila de Zaragoza,Saltillo,Hombres,50300001,41.39000000000003
2016,Coahuila de Zaragoza,Saltillo,Hombres,50300001,40.37477535470099
2021,Coahuila de Zaragoza,Saltillo,Mujeres,50300001,48.67000000000006
2020,Coahuila de Zaragoza,Saltillo,Mujeres,50300001,47.31000000000009
2019,Coahuila de Zaragoza,Saltillo,Mujeres,50300001,45.53999999999997
2018,Coahuila de Zaragoza,Saltillo,Mujeres,50300001,42.96000000000003
2017,Coahuila de Zaragoza,Saltillo,Mujeres,50300001,41.10999999999997
2016,Coahuila de Zaragoza,Saltillo,Mujeres,50300001,38.34449345584147
2021,Coahuila de Zaragoza,Torreón,Total,50350001,42.52000000000008
2020,Coahuila de Zaragoza,Torreón,Total,50350001,41.989999999999874
2019,Coahuila de Zaragoza,Torreón,Total,50350001,40.81000000000004
2018,Coahuila de Zaragoza,Torreón,Total,50350001,37.78999999999997
2017,Coahuila de Zaragoza,Torreón,Total,50350001,37.59999999999998
2016,Coahuila de Zaragoza,Torreón,Total,50350001,
2021,Coahuila de Zaragoza,Torreón,Hombres,50350001,43.510000000000126
2020,Coahuila de Zaragoza,Torreón,Hombres,50350001,42.64000000000004
2019,Coahuila de Zaragoza,Torreón,Hombres,50350001,42.13000000000009
2018,Coahuila de Zaragoza,Torreón,Hombres,50350001,40.070000000000014
2017,Coahuila de Zaragoza,Torreón,Hombres,50350001,38.400000000000006
2016,Coahuila de Zaragoza,Torreón,Hombres,50350001,
2021,Coahuila de Zaragoza,Torreón,Mujeres,50350001,40.84000000000008
2020,Coahuila de Zaragoza,Torreón,Mujeres,50350001,40.82000000000001
2019,Coahuila de Zaragoza,Torreón,Mujeres,50350001,38.61999999999992
2018,Coahuila de Zaragoza,Torreón,Mujeres,50350001,33.88000000000008
2017,Coahuila de Zaragoza,Torreón,Mujeres,50350001,36.05999999999998
2016,Coahuila de Zaragoza,Torreón,Mujeres,50350001,
2021,Colima,,Total,6,45.22
2020,Colima,,Total,6,41.67000000000005
2019,Colima,,Total,6,40.159999999999926
2018,Colima,,Total,6,38.40999999999994
2017,Colima,,Total,6,36.02000000000002
2016,Colima,,Total,6,34.11481986972556
2021,Colima,,Hombres,6,46.38000000000009
2020,Colima,,Hombres,6,42.75
2019,Colima,,Hombres,6,42.060000000000045
2018,Colima,,Hombres,6,40.409999999999926
2017,Colima,,Hombres,6,37.76000000000011
2016,Colima,,Hombres,6,35.22868324925184
2021,Colima,,Mujeres,6,43.28999999999997
2020,Colima,,Mujeres,6,39.67999999999999
2019,Colima,,Mujeres,6,36.90999999999994
2018,Colima,,Mujeres,6,34.90999999999994
2017,Colima,,Mujeres,6,32.969999999999914
2016,Colima,,Mujeres,6,32.104030911214984
2021,Colima,Colima,Total,60020001,48.149999999999935
2020,Colima,Colima,Total,60020001,45.03
2019,Colima,Colima,Total,60020001,43.72999999999991
2018,Colima,Colima,Total,60020001,42.21000000000003
2017,Colima,Colima,Total,60020001,38.909999999999926
2016,Colima,Colima,Total,60020001,37.9773170284328
2021,Colima,Colima,Hombres,60020001,49.64999999999993
2020,Colima,Colima,Hombres,60020001,45.84000000000008
2019,Colima,Colima,Hombres,60020001,45.60000000000005
2018,Colima,Colima,Hombres,60020001,44.06999999999999
2017,Colima,Colima,Hombres,60020001,39.96000000000003
2016,Colima,Colima,Hombres,60020001,38.56203483191854
2021,Colima,Colima,Mujeres,60020001,45.96000000000003
2020,Colima,Colima,Mujeres,60020001,43.760000000000126
2019,Colima,Colima,Mujeres,60020001,40.989999999999874
2018,Colima,Colima,Mujeres,60020001,39.57999999999995
2017,Colima,Colima,Mujeres,60020001,37.30000000000008
2016,Colima,Colima,Mujeres,60020001,37.08290148470802
2021,Chiapas,,Total,7,26.21000000000003
2020,Chiapas,,Total,7,23.78999999999997
2019,Chiapas,,Total,7,21.690000000000044
2018,Chiapas,,Total,7,21.519999999999985
2017,Chiapas,,Total,7,20.440000000000044
2016,Chiapas,,Total,7,19.818379912320367
2021,Chiapas,,Hombres,7,24.619999999999926
2020,Chiapas,,Hombres,7,22.690000000000044
2019,Chiapas,,Hombres,7,20.57000000000001
2018,Chiapas,,Hombres,7,20.300000000000008
2017,Chiapas,,Hombres,7,19.53000000000001
2016,Chiapas,,Hombres,7,19.08655106034525
2021,Chiapas,,Mujeres,7,30.26000000000009
2020,Chiapas,,Mujeres,7,26.78000000000006
2019,Chiapas,,Mujeres,7,24.57000000000004
2018,Chiapas,,Mujeres,7,25.19999999999996
2017,Chiapas,,Mujeres,7,23.130000000000067
2016,Chiapas,,Mujeres,7,21.78187783587402
2021,Chiapas,Tapachula,Total,70890001,35.21000000000003
2020,Chiapas,Tapachula,Total,70890001,31.94999999999993
2019,Chiapas,Tapachula,Total,70890001,
2018,Chiapas,Tapachula,Total,70890001,
2017,Chiapas,Tapachula,Total,70890001,
2016,Chiapas,Tapachula,Total,70890001,
2021,Chiapas,Tapachula,Hombres,70890001,34.989999999999895
2020,Chiapas,Tapachula,Hombres,70890001,31.429999999999936
2019,Chiapas,Tapachula,Hombres,70890001,
2018,Chiapas,Tapachula,Hombres,70890001,
2017,Chiapas,Tapachula,Hombres,70890001,
2016,Chiapas,Tapachula,Hombres,70890001,
2021,Chiapas,Tapachula,Mujeres,70890001,35.559999999999974
2020,Chiapas,Tapachula,Mujeres,70890001,32.88000000000008
2019,Chiapas,Tapachula,Mujeres,70890001,
2018,Chiapas,Tapachula,Mujeres,70890001,
2017,Chiapas,Tapachula,Mujeres,70890001,
2016,Chiapas,Tapachula,Mujeres,70890001,
2021,Chiapas,Tuxtla Gutiérrez,Total,71010001,37.78000000000005
2020,Chiapas,Tuxtla Gutiérrez,Total,71010001,36.0
2019,Chiapas,Tuxtla Gutiérrez,Total,71010001,33.90999999999995
2018,Chiapas,Tuxtla Gutiérrez,Total,71010001,33.36000000000004
2017,Chiapas,Tuxtla Gutiérrez,Total,71010001,31.849999999999937
2016,Chiapas,Tuxtla Gutiérrez,Total,71010001,30.770776883783157
2021,Chiapas,Tuxtla Gutiérrez,Hombres,71010001,38.15999999999994
2020,Chiapas,Tuxtla Gutiérrez,Hombres,71010001,36.27000000000002
2019,Chiapas,Tuxtla Gutiérrez,Hombres,71010001,34.36999999999992
2018,Chiapas,Tuxtla Gutiérrez,Hombres,71010001,33.57000000000007
2017,Chiapas,Tuxtla Gutiérrez,Hombres,71010001,32.389999999999965
2016,Chiapas,Tuxtla Gutiérrez,Hombres,71010001,31.742626676863104
2021,Chiapas,Tuxtla Gutiérrez,Mujeres,71010001,37.15999999999994
2020,Chiapas,Tuxtla Gutiérrez,Mujeres,71010001,35.51000000000011
2019,Chiapas,Tuxtla Gutiérrez,Mujeres,71010001,33.13999999999996
2018,Chiapas,Tuxtla Gutiérrez,Mujeres,71010001,33.010000000000105
2017,Chiapas,Tuxtla Gutiérrez,Mujeres,71010001,30.84000000000005
2016,Chiapas,Tuxtla Gutiérrez,Mujeres,71010001,29.01967873495369
2021,Chihuahua,,Total,8,47.88000000000009
2020,Chihuahua,,Total,8,45.97
2019,Chihuahua,,Total,8,43.4499999999999
2018,Chihuahua,,Total,8,40.63000000000009
2017,Chihuahua,,Total,8,40.25
2016,Chihuahua,,Total,8,37.7888494476441
2021,Chihuahua,,Hombres,8,49.42000000000006
2020,Chihuahua,,Hombres,8,47.64000000000007
2019,Chihuahua,,Hombres,8,44.520000000000095
2018,Chihuahua,,Hombres,8,41.97999999999992
2017,Chihuahua,,Hombres,8,42.03999999999997
2016,Chihuahua,,Hombres,8,39.17773726170344
2021,Chihuahua,,Mujeres,8,45.15999999999992
2020,Chihuahua,,Mujeres,8,43.0
2019,Chihuahua,,Mujeres,8,41.510000000000126
2018,Chihuahua,,Mujeres,8,38.28999999999997
2017,Chihuahua,,Mujeres,8,36.92999999999997
2016,Chihuahua,,Mujeres,8,35.103483045314945
2021,Chihuahua,Chihuahua,Total,80190001,52.85999999999991
2020,Chihuahua,Chihuahua,Total,80190001,52.13000000000009
2019,Chihuahua,Chihuahua,Total,80190001,49.23999999999985
2018,Chihuahua,Chihuahua,Total,80190001,46.43000000000003
2017,Chihuahua,Chihuahua,Total,80190001,42.68999999999995
2016,Chihuahua,Chihuahua,Total,80190001,40.87552681553769
2021,Chihuahua,Chihuahua,Hombres,80190001,54.909999999999904
2020,Chihuahua,Chihuahua,Hombres,80190001,53.0
2019,Chihuahua,Chihuahua,Hombres,80190001,51.43999999999989
2018,Chihuahua,Chihuahua,Hombres,80190001,49.02000000000013
2017,Chihuahua,Chihuahua,Hombres,80190001,44.17000000000005
2016,Chihuahua,Chihuahua,Hombres,80190001,42.46875133479987
2021,Chihuahua,Chihuahua,Mujeres,80190001,49.67000000000006
2020,Chihuahua,Chihuahua,Mujeres,80190001,50.76000000000015
2019,Chihuahua,Chihuahua,Mujeres,80190001,46.02000000000011
2018,Chihuahua,Chihuahua,Mujeres,80190001,42.46999999999999
2017,Chihuahua,Chihuahua,Mujeres,80190001,40.44999999999991
2016,Chihuahua,Chihuahua,Mujeres,80190001,38.33717817289707
2021,Chihuahua,Juárez,Total,80370001,49.75
2020,Chihuahua,Juárez,Total,80370001,45.28999999999997
2019,Chihuahua,Juárez,Total,80370001,45.43000000000002
2018,Chihuahua,Juárez,Total,80370001,
2017,Chihuahua,Juárez,Total,80370001,
2016,Chihuahua,Juárez,Total,80370001,
2021,Chihuahua,Juárez,Hombres,80370001,51.75
2020,Chihuahua,Juárez,Hombres,80370001,47.38000000000009
2019,Chihuahua,Juárez,Hombres,80370001,47.39999999999994
2018,Chihuahua,Juárez,Hombres,80370001,
2017,Chihuahua,Juárez,Hombres,80370001,
2016,Chihuahua,Juárez,Hombres,80370001,
2021,Chihuahua,Juárez,Mujeres,80370001,46.51000000000013
2020,Chihuahua,Juárez,Mujeres,80370001,42.03999999999997
2019,Chihuahua,Juárez,Mujeres,80370001,42.21000000000003
2018,Chihuahua,Juárez,Mujeres,80370001,
2017,Chihuahua,Juárez,Mujeres,80370001,
2016,Chihuahua,Juárez,Mujeres,80370001,
2021,Ciudad de México,,Total,9,51.89999999999991
2020,Ciudad de México,,Total,9,48.43000000000004
2019,Ciudad de México,,Total,9,40.649999999999984
2018,Ciudad de México,,Total,9,42.46999999999999
2017,Ciudad de México,,Total,9,41.19999999999991
2016,Ciudad de México,,Total,9,41.37911490201289
2021,Ciudad de México,,Hombres,9,54.21000000000003
2020,Ciudad de México,,Hombres,9,48.65999999999991
2019,Ciudad de México,,Hombres,9,41.02000000000008
2018,Ciudad de México,,Hombres,9,42.92000000000005
2017,Ciudad de México,,Hombres,9,40.94999999999991
2016,Ciudad de México,,Hombres,9,41.84451832194366
2021,Ciudad de México,,Mujeres,9,48.399999999999935
2020,Ciudad de México,,Mujeres,9,48.109999999999935
2019,Ciudad de México,,Mujeres,9,40.070000000000014
2018,Ciudad de México,,Mujeres,9,41.810000000000045
2017,Ciudad de México,,Mujeres,9,41.57999999999995
2016,Ciudad de México,,Mujeres,9,40.64641137793567
2021,Ciudad de México,Zona Metropolitana del Valle de México,Total,90019013,45.11999999999991
2020,Ciudad de México,Zona Metropolitana del Valle de México,Total,90019013,40.979999999999926
2019,Ciudad de México,Zona Metropolitana del Valle de México,Total,90019013,35.97999999999998
2018,Ciudad de México,Zona Metropolitana del Valle de México,Total,90019013,35.46000000000003
2017,Ciudad de México,Zona Metropolitana del Valle de México,Total,90019013,34.989999999999895
2016,Ciudad de México,Zona Metropolitana del Valle de México,Total,90019013,34.542830945091296
2021,Ciudad de México,Zona Metropolitana del Valle de México,Hombres,90019013,45.97
2020,Ciudad de México,Zona Metropolitana del Valle de México,Hombres,90019013,41.10999999999997
2019,Ciudad de México,Zona Metropolitana del Valle de México,Hombres,90019013,36.69000000000001
2018,Ciudad de México,Zona Metropolitana del Valle de México,Hombres,90019013,35.76000000000011
2017,Ciudad de México,Zona Metropolitana del Valle de México,Hombres,90019013,34.80999999999997
2016,Ciudad de México,Zona Metropolitana del Valle de México,Hombres,90019013,34.97426286222834
2021,Ciudad de México,Zona Metropolitana del Valle de México,Mujeres,90019013,43.739999999999874
2020,Ciudad de México,Zona Metropolitana del Valle de México,Mujeres,90019013,40.78999999999997
2019,Ciudad de México,Zona Metropolitana del Valle de México,Mujeres,90019013,34.75
2018,Ciudad de México,Zona Metropolitana del Valle de México,Mujeres,90019013,34.94000000000003
2017,Ciudad de México,Zona Metropolitana del Valle de México,Mujeres,90019013,35.28999999999997
2016,Ciudad de México,Zona Metropolitana del Valle de México,Mujeres,90019013,33.78159269391378
2021,Durango,,Total,10,37.28000000000005
2020,Durango,,Total,10,36.32000000000004
2019,Durango,,Total,10,34.15999999999995
2018,Durango,,Total,10,30.920000000000048
2017,Durango,,Total,10,30.11999999999992
2016,Durango,,Total,10,28.21121977632035
2021,Durango,,Hombres,10,37.69999999999992
2020,Durango,,Hombres,10,36.13999999999999
2019,Durango,,Hombres,10,34.82000000000006
2018,Durango,,Hombres,10,31.53999999999997
2017,Durango,,Hombres,10,30.420000000000048
2016,Durango,,Hombres,10,28.863435014853263
2021,Durango,,Mujeres,10,36.47999999999998
2020,Durango,,Mujeres,10,36.69000000000001
2019,Durango,,Mujeres,10,32.82000000000007
2018,Durango,,Mujeres,10,29.63000000000008
2017,Durango,,Mujeres,10,29.469999999999928
2016,Durango,,Mujeres,10,26.784110958503327
2021,Durango,Durango,Total,100050001,40.72999999999993
2020,Durango,Durango,Total,100050001,40.44999999999991
2019,Durango,Durango,Total,100050001,38.89000000000001
2018,Durango,Durango,Total,100050001,34.5
2017,Durango,Durango,Total,100050001,32.90000000000006
2016,Durango,Durango,Total,100050001,31.65086508300908
2021,Durango,Durango,Hombres,100050001,41.61999999999991
2020,Durango,Durango,Hombres,100050001,41.25
2019,Durango,Durango,Hombres,100050001,40.44999999999991
2018,Durango,Durango,Hombres,100050001,35.46999999999993
2017,Durango,Durango,Hombres,100050001,33.09999999999994
2016,Durango,Durango,Hombres,100050001,31.786798605168425
2021,Durango,Durango,Mujeres,100050001,39.270000000000046
2020,Durango,Durango,Mujeres,100050001,39.10999999999999
2019,Durango,Durango,Mujeres,100050001,36.360000000000014
2018,Durango,Durango,Mujeres,100050001,32.969999999999914
2017,Durango,Durango,Mujeres,100050001,32.57999999999995
2016,Durango,Durango,Mujeres,100050001,31.42023484893853
2021,Guanajuato,,Total,11,36.03000000000007
2020,Guanajuato,,Total,11,35.09999999999995
2019,Guanajuato,,Total,11,33.55999999999995
2018,Guanajuato,,Total,11,31.13000000000008
2017,Guanajuato,,Total,11,28.28999999999997
2016,Guanajuato,,Total,11,27.14601201555604
2021,Guanajuato,,Hombres,11,37.23999999999989
2020,Guanajuato,,Hombres,11,35.860000000000014
2019,Guanajuato,,Hombres,11,34.400000000000055
2018,Guanajuato,,Hombres,11,32.25
2017,Guanajuato,,Hombres,11,28.940000000000047
2016,Guanajuato,,Hombres,11,27.632843882176427
2021,Guanajuato,,Mujeres,11,33.82999999999995
2020,Guanajuato,,Mujeres,11,33.76999999999999
2019,Guanajuato,,Mujeres,11,31.96000000000003
2018,Guanajuato,,Mujeres,11,28.78000000000007
2017,Guanajuato,,Mujeres,11,26.90999999999997
2016,Guanajuato,,Mujeres,11,26.216555077889243
2021,Guanajuato,Celaya,Total,110070001,
2020,Guanajuato,Celaya,Total,110070001,
2019,Guanajuato,Celaya,Total,110070001,
2018,Guanajuato,Celaya,Total,110070001,
2017,Guanajuato,Celaya,Total,110070001,
2016,Guanajuato,Celaya,Total,110070001,
2021,Guanajuato,Celaya,Hombres,110070001,
2020,Guanajuato,Celaya,Hombres,110070001,
2019,Guanajuato,Celaya,Hombres,110070001,
2018,Guanajuato,Celaya,Hombres,110070001,
2017,Guanajuato,Celaya,Hombres,110070001,
2016,Guanajuato,Celaya,Hombres,110070001,
2021,Guanajuato,Celaya,Mujeres,110070001,
2020,Guanajuato,Celaya,Mujeres,110070001,
2019,Guanajuato,Celaya,Mujeres,110070001,
2018,Guanajuato,Celaya,Mujeres,110070001,
2017,Guanajuato,Celaya,Mujeres,110070001,
2016,Guanajuato,Celaya,Mujeres,110070001,
2021,Guanajuato,Irapuato,Total,110170001,
2020,Guanajuato,Irapuato,Total,110170001,
2019,Guanajuato,Irapuato,Total,110170001,
2018,Guanajuato,Irapuato,Total,110170001,
2017,Guanajuato,Irapuato,Total,110170001,
2016,Guanajuato,Irapuato,Total,110170001,
2021,Guanajuato,Irapuato,Hombres,110170001,
2020,Guanajuato,Irapuato,Hombres,110170001,
2019,Guanajuato,Irapuato,Hombres,110170001,
2018,Guanajuato,Irapuato,Hombres,110170001,
2017,Guanajuato,Irapuato,Hombres,110170001,
2016,Guanajuato,Irapuato,Hombres,110170001,
2021,Guanajuato,Irapuato,Mujeres,110170001,
2020,Guanajuato,Irapuato,Mujeres,110170001,
2019,Guanajuato,Irapuato,Mujeres,110170001,
2018,Guanajuato,Irapuato,Mujeres,110170001,
2017,Guanajuato,Irapuato,Mujeres,110170001,
2016,Guanajuato,Irapuato,Mujeres,110170001,
2021,Guanajuato,León,Total,110200001,40.88000000000009
2020,Guanajuato,León,Total,110200001,40.39000000000002
2019,Guanajuato,León,Total,110200001,38.0
2018,Guanajuato,León,Total,110200001,34.5
2017,Guanajuato,León,Total,110200001,32.21000000000003
2016,Guanajuato,León,Total,110200001,30.286985567530763
2021,Guanajuato,León,Hombres,110200001,42.57999999999995
2020,Guanajuato,León,Hombres,110200001,41.810000000000045
2019,Guanajuato,León,Hombres,110200001,39.28000000000004
2018,Guanajuato,León,Hombres,110200001,35.48999999999989
2017,Guanajuato,León,Hombres,110200001,33.11000000000004
2016,Guanajuato,León,Hombres,110200001,31.320401039226937
2021,Guanajuato,León,Mujeres,110200001,38.03000000000005
2020,Guanajuato,León,Mujeres,110200001,38.06
2019,Guanajuato,León,Mujeres,110200001,35.77000000000001
2018,Guanajuato,León,Mujeres,110200001,32.65999999999995
2017,Guanajuato,León,Mujeres,110200001,30.559999999999956
2016,Guanajuato,León,Mujeres,110200001,28.345979700322943
2021,Guerrero,,Total,12,31.84000000000005
2020,Guerrero,,Total,12,28.78999999999997
2019,Guerrero,,Total,12,25.590000000000025
2018,Guerrero,,Total,12,26.30999999999996
2017,Guerrero,,Total,12,25.44999999999996
2016,Guerrero,,Total,12,23.307156992367663
2021,Guerrero,,Hombres,12,32.860000000000035
2020,Guerrero,,Hombres,12,29.449999999999942
2019,Guerrero,,Hombres,12,27.0
2018,Guerrero,,Hombres,12,27.610000000000024
2017,Guerrero,,Hombres,12,25.860000000000017
2016,Guerrero,,Hombres,12,24.21220301397352
2021,Guerrero,,Mujeres,12,30.28000000000008
2020,Guerrero,,Mujeres,12,27.73999999999992
2019,Guerrero,,Mujeres,12,23.46999999999996
2018,Guerrero,,Mujeres,12,24.28999999999997
2017,Guerrero,,Mujeres,12,24.80000000000004
2016,Guerrero,,Mujeres,12,21.92997692391674
2021,Guerrero,Acapulco,Total,120010001,34.17000000000005
2020,Guerrero,Acapulco,Total,120010001,31.769999999999985
2019,Guerrero,Acapulco,Total,120010001,28.46000000000003
2018,Guerrero,Acapulco,Total,120010001,27.30000000000005
2017,Guerrero,Acapulco,Total,120010001,25.80999999999996
2016,Guerrero,Acapulco,Total,120010001,25.023533226219687
2021,Guerrero,Acapulco,Hombres,120010001,34.230000000000004
2020,Guerrero,Acapulco,Hombres,120010001,32.719999999999914
2019,Guerrero,Acapulco,Hombres,120010001,29.239999999999917
2018,Guerrero,Acapulco,Hombres,120010001,28.110000000000028
2017,Guerrero,Acapulco,Hombres,120010001,26.099999999999945
2016,Guerrero,Acapulco,Hombres,120010001,25.28974324465313
2021,Guerrero,Acapulco,Mujeres,120010001,34.070000000000064
2020,Guerrero,Acapulco,Mujeres,120010001,30.28000000000008
2019,Guerrero,Acapulco,Mujeres,120010001,27.19999999999995
2018,Guerrero,Acapulco,Mujeres,120010001,25.92999999999996
2017,Guerrero,Acapulco,Mujeres,120010001,25.349999999999945
2016,Guerrero,Acapulco,Mujeres,120010001,24.59164861439925
2021,Guerrero,Chilpancingo de los Bravo,Total,120290001,
2020,Guerrero,Chilpancingo de los Bravo,Total,120290001,
2019,Guerrero,Chilpancingo de los Bravo,Total,120290001,
2018,Guerrero,Chilpancingo de los Bravo,Total,120290001,
2017,Guerrero,Chilpancingo de los Bravo,Total,120290001,
2016,Guerrero,Chilpancingo de los Bravo,Total,120290001,
2021,Guerrero,Chilpancingo de los Bravo,Hombres,120290001,
2020,Guerrero,Chilpancingo de los Bravo,Hombres,120290001,
2019,Guerrero,Chilpancingo de los Bravo,Hombres,120290001,
2018,Guerrero,Chilpancingo de los Bravo,Hombres,120290001,
2017,Guerrero,Chilpancingo de los Bravo,Hombres,120290001,
2016,Guerrero,Chilpancingo de los Bravo,Hombres,120290001,
2021,Guerrero,Chilpancingo de los Bravo,Mujeres,120290001,
2020,Guerrero,Chilpancingo de los Bravo,Mujeres,120290001,
2019,Guerrero,Chilpancingo de los Bravo,Mujeres,120290001,
2018,Guerrero,Chilpancingo de los Bravo,Mujeres,120290001,
2017,Guerrero,Chilpancingo de los Bravo,Mujeres,120290001,
2016,Guerrero,Chilpancingo de los Bravo,Mujeres,120290001,
2021,Hidalgo,,Total,13,33.40999999999995
2020,Hidalgo,,Total,13,31.01000000000009
2019,Hidalgo,,Total,13,29.63000000000008
2018,Hidalgo,,Total,13,28.78000000000007
2017,Hidalgo,,Total,13,27.26000000000008
2016,Hidalgo,,Total,13,26.07624295923336
2021,Hidalgo,,Hombres,13,34.349999999999945
2020,Hidalgo,,Hombres,13,31.90999999999995
2019,Hidalgo,,Hombres,13,30.400000000000063
2018,Hidalgo,,Hombres,13,29.53999999999997
2017,Hidalgo,,Hombres,13,27.73000000000001
2016,Hidalgo,,Hombres,13,26.029612486703037
2021,Hidalgo,,Mujeres,13,31.69999999999993
2020,Hidalgo,,Mujeres,13,29.239999999999917
2019,Hidalgo,,Mujeres,13,28.15000000000006
2018,Hidalgo,,Mujeres,13,27.19999999999995
2017,Hidalgo,,Mujeres,13,26.219999999999946
2016,Hidalgo,,Mujeres,13,26.174198979407272
2021,Hidalgo,Pachuca,Total,130480001,48.34000000000009
2020,Hidalgo,Pachuca,Total,130480001,47.26000000000013
2019,Hidalgo,Pachuca,Total,130480001,43.10999999999997
2018,Hidalgo,Pachuca,Total,130480001,41.32999999999995
2017,Hidalgo,Pachuca,Total,130480001,38.92999999999998
2016,Hidalgo,Pachuca,Total,130480001,36.98556821707192
2021,Hidalgo,Pachuca,Hombres,130480001,48.73999999999987
2020,Hidalgo,Pachuca,Hombres,130480001,48.75
2019,Hidalgo,Pachuca,Hombres,130480001,43.61999999999991
2018,Hidalgo,Pachuca,Hombres,130480001,42.03999999999997
2017,Hidalgo,Pachuca,Hombres,130480001,39.659999999999926
2016,Hidalgo,Pachuca,Hombres,130480001,37.64371676393418
2021,Hidalgo,Pachuca,Mujeres,130480001,47.72999999999988
2020,Hidalgo,Pachuca,Mujeres,130480001,44.92000000000005
2019,Hidalgo,Pachuca,Mujeres,130480001,42.30000000000009
2018,Hidalgo,Pachuca,Mujeres,130480001,40.21000000000003
2017,Hidalgo,Pachuca,Mujeres,130480001,37.77000000000003
2016,Hidalgo,Pachuca,Mujeres,130480001,35.930184944784344
2021,Jalisco,,Total,14,43.43000000000001
2020,Jalisco,,Total,14,41.69999999999991
2019,Jalisco,,Total,14,39.42000000000005
2018,Jalisco,,Total,14,37.21999999999994
2017,Jalisco,,Total,14,35.02
2016,Jalisco,,Total,14,33.162325029307
2021,Jalisco,,Hombres,14,44.56999999999999
2020,Jalisco,,Hombres,14,43.1999999999999
2019,Jalisco,,Hombres,14,40.80000000000009
2018,Jalisco,,Hombres,14,38.61999999999992
2017,Jalisco,,Hombres,14,36.44000000000001
2016,Jalisco,,Hombres,14,34.63262117649595
2021,Jalisco,,Mujeres,14,41.350000000000016
2020,Jalisco,,Mujeres,14,38.900000000000006
2019,Jalisco,,Mujeres,14,36.92999999999997
2018,Jalisco,,Mujeres,14,34.699999999999925
2017,Jalisco,,Mujeres,14,32.429999999999936
2016,Jalisco,,Mujeres,14,30.43476447575528
2021,Jalisco,Guadalajara,Total,140390001,47.22999999999988
2020,Jalisco,Guadalajara,Total,140390001,46.46000000000003
2019,Jalisco,Guadalajara,Total,140390001,43.4499999999999
2018,Jalisco,Guadalajara,Total,140390001,40.82000000000001
2017,Jalisco,Guadalajara,Total,140390001,38.21999999999995
2016,Jalisco,Guadalajara,Total,140390001,37.07971172880664
2021,Jalisco,Guadalajara,Hombres,140390001,48.75
2020,Jalisco,Guadalajara,Hombres,140390001,48.02000000000013
2019,Jalisco,Guadalajara,Hombres,140390001,45.71000000000003
2018,Jalisco,Guadalajara,Hombres,140390001,42.43999999999995
2017,Jalisco,Guadalajara,Hombres,140390001,40.070000000000014
2016,Jalisco,Guadalajara,Hombres,140390001,38.9993058801082
2021,Jalisco,Guadalajara,Mujeres,140390001,44.680000000000014
2020,Jalisco,Guadalajara,Mujeres,140390001,43.81999999999999
2019,Jalisco,Guadalajara,Mujeres,140390001,39.73999999999988
2018,Jalisco,Guadalajara,Mujeres,140390001,38.22999999999996
2017,Jalisco,Guadalajara,Mujeres,140390001,35.17999999999995
2016,Jalisco,Guadalajara,Mujeres,140390001,33.79299965895109
2021,México,,Total,15,35.88000000000008
2020,México,,Total,15,32.639999999999965
2019,México,,Total,15,30.579999999999952
2018,México,,Total,15,28.63000000000008
2017,México,,Total,15,28.170000000000048
2016,México,,Total,15,27.469922532106477
2021,México,,Hombres,15,35.860000000000014
2020,México,,Hombres,15,32.989999999999895
2019,México,,Hombres,15,31.28000000000008
2018,México,,Hombres,15,29.199999999999942
2017,México,,Hombres,15,28.38000000000008
2016,México,,Hombres,15,28.03590452850436
2021,México,,Mujeres,15,35.90999999999994
2020,México,,Mujeres,15,31.989999999999903
2019,México,,Mujeres,15,29.170000000000048
2018,México,,Mujeres,15,27.44999999999995
2017,México,,Mujeres,15,27.71999999999993
2016,México,,Mujeres,15,26.254483569890944
2021,México,Toluca,Total,151060001,38.17999999999997
2020,México,Toluca,Total,151060001,35.050000000000075
2019,México,Toluca,Total,151060001,31.510000000000097
2018,México,Toluca,Total,151060001,31.150000000000063
2017,México,Toluca,Total,151060001,30.860000000000035
2016,México,Toluca,Total,151060001,29.084033541203976
2021,México,Toluca,Hombres,151060001,38.64000000000001
2020,México,Toluca,Hombres,151060001,35.76000000000011
2019,México,Toluca,Hombres,151060001,32.40000000000006
2018,México,Toluca,Hombres,151060001,31.269999999999985
2017,México,Toluca,Hombres,151060001,30.90999999999995
2016,México,Toluca,Hombres,151060001,29.36850455659035
2021,México,Toluca,Mujeres,151060001,37.36
2020,México,Toluca,Mujeres,151060001,33.75
2019,México,Toluca,Mujeres,151060001,29.849999999999937
2018,México,Toluca,Mujeres,151060001,30.90999999999995
2017,México,Toluca,Mujeres,151060001,30.76000000000009
2016,México,Toluca,Mujeres,151060001,28.496793668442837
2021,Michoacán de Ocampo,,Total,16,41.239999999999874
2020,Michoacán de Ocampo,,Total,16,38.36999999999992
2019,Michoacán de Ocampo,,Total,16,34.84999999999995
2018,Michoacán de Ocampo,,Total,16,32.639999999999965
2017,Michoacán de Ocampo,,Total,16,30.469999999999924
2016,Michoacán de Ocampo,,Total,16,28.582554314434347
2021,Michoacán de Ocampo,,Hombres,16,42.28999999999997
2020,Michoacán de Ocampo,,Hombres,16,39.86999999999991
2019,Michoacán de Ocampo,,Hombres,16,36.34000000000006
2018,Michoacán de Ocampo,,Hombres,16,34.010000000000105
2017,Michoacán de Ocampo,,Hombres,16,31.75
2016,Michoacán de Ocampo,,Hombres,16,29.48166895216913
2021,Michoacán de Ocampo,,Mujeres,16,39.23999999999988
2020,Michoacán de Ocampo,,Mujeres,16,35.32000000000005
2019,Michoacán de Ocampo,,Mujeres,16,31.84000000000005
2018,Michoacán de Ocampo,,Mujeres,16,29.86000000000003
2017,Michoacán de Ocampo,,Mujeres,16,27.78999999999997
2016,Michoacán de Ocampo,,Mujeres,16,26.73705793012144
2021,Michoacán de Ocampo,Morelia,Total,160530001,48.19999999999989
2020,Michoacán de Ocampo,Morelia,Total,160530001,46.36999999999991
2019,Michoacán de Ocampo,Morelia,Total,160530001,42.72999999999991
2018,Michoacán de Ocampo,Morelia,Total,160530001,40.81000000000004
2017,Michoacán de Ocampo,Morelia,Total,160530001,39.03999999999997
2016,Michoacán de Ocampo,Morelia,Total,160530001,38.28317955479636
2021,Michoacán de Ocampo,Morelia,Hombres,160530001,49.0
2020,Michoacán de Ocampo,Morelia,Hombres,160530001,47.109999999999935
2019,Michoacán de Ocampo,Morelia,Hombres,160530001,44.22999999999991
2018,Michoacán de Ocampo,Morelia,Hombres,160530001,41.93
2017,Michoacán de Ocampo,Morelia,Hombres,160530001,40.32999999999995
2016,Michoacán de Ocampo,Morelia,Hombres,160530001,39.04018892555322
2021,Michoacán de Ocampo,Morelia,Mujeres,160530001,47.0
2020,Michoacán de Ocampo,Morelia,Mujeres,160530001,45.2299999999999
2019,Michoacán de Ocampo,Morelia,Mujeres,160530001,40.28000000000003
2018,Michoacán de Ocampo,Morelia,Mujeres,160530001,38.89000000000001
2017,Michoacán de Ocampo,Morelia,Mujeres,160530001,36.98999999999989
2016,Michoacán de Ocampo,Morelia,Mujeres,160530001,37.08344330142335
2021,Michoacán de Ocampo,Uruapan,Total,161020001,
2020,Michoacán de Ocampo,Uruapan,Total,161020001,
2019,Michoacán de Ocampo,Uruapan,Total,161020001,
2018,Michoacán de Ocampo,Uruapan,Total,161020001,
2017,Michoacán de Ocampo,Uruapan,Total,161020001,
2016,Michoacán de Ocampo,Uruapan,Total,161020001,
2021,Michoacán de Ocampo,Uruapan,Hombres,161020001,
2020,Michoacán de Ocampo,Uruapan,Hombres,161020001,
2019,Michoacán de Ocampo,Uruapan,Hombres,161020001,
2018,Michoacán de Ocampo,Uruapan,Hombres,161020001,
2017,Michoacán de Ocampo,Uruapan,Hombres,161020001,
2016,Michoacán de Ocampo,Uruapan,Hombres,161020001,
2021,Michoacán de Ocampo,Uruapan,Mujeres,161020001,
2020,Michoacán de Ocampo,Uruapan,Mujeres,161020001,
2019,Michoacán de Ocampo,Uruapan,Mujeres,161020001,
2018,Michoacán de Ocampo,Uruapan,Mujeres,161020001,
2017,Michoacán de Ocampo,Uruapan,Mujeres,161020001,
2016,Michoacán de Ocampo,Uruapan,Mujeres,161020001,
2021,Morelos,,Total,17,31.519999999999985
2020,Morelos,,Total,17,29.75
2019,Morelos,,Total,17,26.5
2018,Morelos,,Total,17,25.98000000000001
2017,Morelos,,Total,17,25.19999999999996
2016,Morelos,,Total,17,24.02560338067084
2021,Morelos,,Hombres,17,32.550000000000075
2020,Morelos,,Hombres,17,30.559999999999956
2019,Morelos,,Hombres,17,27.30999999999996
2018,Morelos,,Hombres,17,26.57999999999996
2017,Morelos,,Hombres,17,25.98000000000001
2016,Morelos,,Hombres,17,24.72060610906829
2021,Morelos,,Mujeres,17,29.65999999999996
2020,Morelos,,Mujeres,17,28.23000000000001
2019,Morelos,,Mujeres,17,24.90999999999998
2018,Morelos,,Mujeres,17,24.699999999999964
2017,Morelos,,Mujeres,17,23.679999999999968
2016,Morelos,,Mujeres,17,22.647057625327264
2021,Morelos,Cuernavaca,Total,170070001,35.80999999999998
2020,Morelos,Cuernavaca,Total,170070001,33.929999999999936
2019,Morelos,Cuernavaca,Total,170070001,28.96000000000003
2018,Morelos,Cuernavaca,Total,170070001,29.28999999999997
2017,Morelos,Cuernavaca,Total,170070001,28.260000000000083
2016,Morelos,Cuernavaca,Total,170070001,27.39406218544763
2021,Morelos,Cuernavaca,Hombres,170070001,36.59000000000006
2020,Morelos,Cuernavaca,Hombres,170070001,34.63999999999997
2019,Morelos,Cuernavaca,Hombres,170070001,29.92999999999994
2018,Morelos,Cuernavaca,Hombres,170070001,30.19999999999994
2017,Morelos,Cuernavaca,Hombres,170070001,28.88000000000008
2016,Morelos,Cuernavaca,Hombres,170070001,28.104926711541363
2021,Morelos,Cuernavaca,Mujeres,170070001,34.53999999999997
2020,Morelos,Cuernavaca,Mujeres,170070001,32.699999999999925
2019,Morelos,Cuernavaca,Mujeres,170070001,27.320000000000054
2018,Morelos,Cuernavaca,Mujeres,170070001,27.659999999999965
2017,Morelos,Cuernavaca,Mujeres,170070001,27.11000000000002
2016,Morelos,Cuernavaca,Mujeres,170070001,26.14370789632301
2021,Nayarit,,Total,18,43.239999999999874
2020,Nayarit,,Total,18,40.30000000000009
2019,Nayarit,,Total,18,36.13999999999999
2018,Nayarit,,Total,18,35.40999999999994
2017,Nayarit,,Total,18,32.610000000000035
2016,Nayarit,,Total,18,30.744739475514532
2021,Nayarit,,Hombres,18,43.89000000000004
2020,Nayarit,,Hombres,18,40.899999999999984
2019,Nayarit,,Hombres,18,37.64
2018,Nayarit,,Hombres,18,36.92000000000005
2017,Nayarit,,Hombres,18,33.19000000000005
2016,Nayarit,,Hombres,18,31.60720018831092
2021,Nayarit,,Mujeres,18,41.96999999999998
2020,Nayarit,,Mujeres,18,39.17999999999998
2019,Nayarit,,Mujeres,18,33.44000000000005
2018,Nayarit,,Mujeres,18,32.63000000000008
2017,Nayarit,,Mujeres,18,31.519999999999985
2016,Nayarit,,Mujeres,18,29.172085588515653
2021,Nayarit,Tepic,Total,180170001,47.32999999999994
2020,Nayarit,Tepic,Total,180170001,45.63000000000009
2019,Nayarit,Tepic,Total,180170001,40.85999999999998
2018,Nayarit,Tepic,Total,180170001,40.23999999999988
2017,Nayarit,Tepic,Total,180170001,38.31000000000001
2016,Nayarit,Tepic,Total,180170001,36.42950747984472
2021,Nayarit,Tepic,Hombres,180170001,48.76000000000013
2020,Nayarit,Tepic,Hombres,180170001,46.03999999999997
2019,Nayarit,Tepic,Hombres,180170001,42.159999999999926
2018,Nayarit,Tepic,Hombres,180170001,41.510000000000126
2017,Nayarit,Tepic,Hombres,180170001,38.650000000000006
2016,Nayarit,Tepic,Hombres,180170001,37.42021881842306
2021,Nayarit,Tepic,Mujeres,180170001,45.31000000000007
2020,Nayarit,Tepic,Mujeres,180170001,45.03
2019,Nayarit,Tepic,Mujeres,180170001,38.88000000000008
2018,Nayarit,Tepic,Mujeres,180170001,38.23999999999988
2017,Nayarit,Tepic,Mujeres,180170001,37.77000000000003
2016,Nayarit,Tepic,Mujeres,180170001,34.92109168558264
2021,Nuevo León,,Total,19,53.27999999999996
2020,Nuevo León,,Total,19,50.67000000000006
2019,Nuevo León,,Total,19,46.09000000000008
2018,Nuevo León,,Total,19,41.77000000000008
2017,Nuevo León,,Total,19,39.909999999999926
2016,Nuevo León,,Total,19,37.3116643496502
2021,Nuevo León,,Hombres,19,54.82999999999994
2020,Nuevo León,,Hombres,19,52.09000000000009
2019,Nuevo León,,Hombres,19,47.5
2018,Nuevo León,,Hombres,19,42.81999999999999
2017,Nuevo León,,Hombres,19,41.010000000000126
2016,Nuevo León,,Hombres,19,38.42381008356006
2021,Nuevo León,,Mujeres,19,50.13000000000009
2020,Nuevo León,,Mujeres,19,47.72999999999988
2019,Nuevo León,,Mujeres,19,43.15999999999992
2018,Nuevo León,,Mujeres,19,39.48999999999988
2017,Nuevo León,,Mujeres,19,37.440000000000005
2016,Nuevo León,,Mujeres,19,34.92437208651529
2021,Nuevo León,Monterrey,Total,190390001,56.989999999999846
2020,Nuevo León,Monterrey,Total,190390001,55.0
2019,Nuevo León,Monterrey,Total,190390001,49.52999999999998
2018,Nuevo León,Monterrey,Total,190390001,44.67000000000005
2017,Nuevo León,Monterrey,Total,190390001,42.18999999999996
2016,Nuevo León,Monterrey,Total,190390001,39.770044780258914
2021,Nuevo León,Monterrey,Hombres,190390001,59.27000000000018
2020,Nuevo León,Monterrey,Hombres,190390001,57.17000000000006
2019,Nuevo León,Monterrey,Hombres,190390001,51.55000000000011
2018,Nuevo León,Monterrey,Hombres,190390001,46.0500000000001
2017,Nuevo León,Monterrey,Hombres,190390001,43.42000000000005
2016,Nuevo León,Monterrey,Hombres,190390001,41.15983643206072
2021,Nuevo León,Monterrey,Mujeres,190390001,52.77000000000015
2020,Nuevo León,Monterrey,Mujeres,190390001,51.06000000000011
2019,Nuevo León,Monterrey,Mujeres,190390001,45.64000000000006
2018,Nuevo León,Monterrey,Mujeres,190390001,41.89999999999998
2017,Nuevo León,Monterrey,Mujeres,190390001,39.59000000000008
2016,Nuevo León,Monterrey,Mujeres,190390001,36.945684707901485
2021,Oaxaca,,Total,20,29.13999999999997
2020,Oaxaca,,Total,20,26.98000000000001
2019,Oaxaca,,Total,20,25.099999999999945
2018,Oaxaca,,Total,20,24.449999999999964
2017,Oaxaca,,Total,20,22.940000000000044
2016,Oaxaca,,Total,20,21.359567265996656
2021,Oaxaca,,Hombres,20,29.71000000000003
2020,Oaxaca,,Hombres,20,27.26000000000008
2019,Oaxaca,,Hombres,20,26.070000000000043
2018,Oaxaca,,Hombres,20,25.53000000000005
2017,Oaxaca,,Hombres,20,23.5
2016,Oaxaca,,Hombres,20,21.764656727039423
2021,Oaxaca,,Mujeres,20,28.23999999999992
2020,Oaxaca,,Mujeres,20,26.48000000000001
2019,Oaxaca,,Mujeres,20,23.55000000000003
2018,Oaxaca,,Mujeres,20,22.619999999999933
2017,Oaxaca,,Mujeres,20,21.96999999999997
2016,Oaxaca,,Mujeres,20,20.62817099807576
2021,Oaxaca,Oaxaca,Total,200670001,40.03000000000004
2020,Oaxaca,Oaxaca,Total,200670001,38.67000000000005
2019,Oaxaca,Oaxaca,Total,200670001,35.42999999999995
2018,Oaxaca,Oaxaca,Total,200670001,33.5
2017,Oaxaca,Oaxaca,Total,200670001,32.19999999999993
2016,Oaxaca,Oaxaca,Total,200670001,30.60714249362446
2021,Oaxaca,Oaxaca,Hombres,200670001,40.649999999999984
2020,Oaxaca,Oaxaca,Hombres,200670001,38.96000000000003
2019,Oaxaca,Oaxaca,Hombres,200670001,35.96000000000003
2018,Oaxaca,Oaxaca,Hombres,200670001,34.42999999999994
2017,Oaxaca,Oaxaca,Hombres,200670001,32.82000000000007
2016,Oaxaca,Oaxaca,Hombres,200670001,31.519597134526045
2021,Oaxaca,Oaxaca,Mujeres,200670001,39.159999999999926
2020,Oaxaca,Oaxaca,Mujeres,200670001,38.25
2019,Oaxaca,Oaxaca,Mujeres,200670001,34.67000000000005
2018,Oaxaca,Oaxaca,Mujeres,200670001,32.15000000000006
2017,Oaxaca,Oaxaca,Mujeres,200670001,31.32999999999995
2016,Oaxaca,Oaxaca,Mujeres,200670001,29.328353412036776
2021,Puebla,,Total,21,30.699999999999932
2020,Puebla,,Total,21,29.849999999999937
2019,Puebla,,Total,21,29.119999999999923
2018,Puebla,,Total,21,27.409999999999965
2017,Puebla,,Total,21,24.949999999999964
2016,Puebla,,Total,21,24.240453431133115
2021,Puebla,,Hombres,21,31.75
2020,Puebla,,Hombres,21,30.690000000000047
2019,Puebla,,Hombres,21,30.239999999999903
2018,Puebla,,Hombres,21,28.34000000000004
2017,Puebla,,Hombres,21,25.610000000000017
2016,Puebla,,Hombres,21,24.981331038471268
2021,Puebla,,Mujeres,21,28.75
2020,Puebla,,Mujeres,21,28.30999999999996
2019,Puebla,,Mujeres,21,26.940000000000044
2018,Puebla,,Mujeres,21,25.53999999999997
2017,Puebla,,Mujeres,21,23.630000000000067
2016,Puebla,,Mujeres,21,22.739545982402102
2021,Puebla,Puebla,Total,211140001,39.69999999999991
2020,Puebla,Puebla,Total,211140001,38.17000000000005
2019,Puebla,Puebla,Total,211140001,35.82999999999995
2018,Puebla,Puebla,Total,211140001,34.320000000000064
2017,Puebla,Puebla,Total,211140001,32.46000000000003
2016,Puebla,Puebla,Total,211140001,32.268556344103125
2021,Puebla,Puebla,Hombres,211140001,41.100000000000016
2020,Puebla,Puebla,Hombres,211140001,39.78000000000004
2019,Puebla,Puebla,Hombres,211140001,37.03000000000006
2018,Puebla,Puebla,Hombres,211140001,35.36999999999992
2017,Puebla,Puebla,Hombres,211140001,33.32999999999995
2016,Puebla,Puebla,Hombres,211140001,33.31140023423087
2021,Puebla,Puebla,Mujeres,211140001,37.34000000000006
2020,Puebla,Puebla,Mujeres,211140001,35.42000000000005
2019,Puebla,Puebla,Mujeres,211140001,33.65000000000006
2018,Puebla,Puebla,Mujeres,211140001,32.42000000000005
2017,Puebla,Puebla,Mujeres,211140001,30.820000000000064
2016,Puebla,Puebla,Mujeres,211140001,30.341181235233428
2021,Puebla,Tehuacán,Total,211560001,
2020,Puebla,Tehuacán,Total,211560001,
2019,Puebla,Tehuacán,Total,211560001,
2018,Puebla,Tehuacán,Total,211560001,
2017,Puebla,Tehuacán,Total,211560001,
2016,Puebla,Tehuacán,Total,211560001,
2021,Puebla,Tehuacán,Hombres,211560001,
2020,Puebla,Tehuacán,Hombres,211560001,
2019,Puebla,Tehuacán,Hombres,211560001,
2018,Puebla,Tehuacán,Hombres,211560001,
2017,Puebla,Tehuacán,Hombres,211560001,
2016,Puebla,Tehuacán,Hombres,211560001,
2021,Puebla,Tehuacán,Mujeres,211560001,
2020,Puebla,Tehuacán,Mujeres,211560001,
2019,Puebla,Tehuacán,Mujeres,211560001,
2018,Puebla,Tehuacán,Mujeres,211560001,
2017,Puebla,Tehuacán,Mujeres,211560001,
2016,Puebla,Tehuacán,Mujeres,211560001,
2021,Querétaro,,Total,22,44.7700000000001
2020,Querétaro,,Total,22,41.36999999999991
2019,Querétaro,,Total,22,39.67000000000005
2018,Querétaro,,Total,22,36.42000000000005
2017,Querétaro,,Total,22,33.65000000000006
2016,Querétaro,,Total,22,32.28307481012595
2021,Querétaro,,Hombres,22,46.64999999999994
2020,Querétaro,,Hombres,22,42.739999999999874
2019,Querétaro,,Hombres,22,41.159999999999926
2018,Querétaro,,Hombres,22,37.55000000000008
2017,Querétaro,,Hombres,22,34.65999999999995
2016,Querétaro,,Hombres,22,33.31675275713723
2021,Querétaro,,Mujeres,22,41.30000000000009
2020,Querétaro,,Mujeres,22,38.80000000000008
2019,Querétaro,,Mujeres,22,36.75
2018,Querétaro,,Mujeres,22,34.17000000000005
2017,Querétaro,,Mujeres,22,31.449999999999932
2016,Querétaro,,Mujeres,22,30.15552773736772
2021,Querétaro,Querétaro,Total,220140001,54.6000000000001
2020,Querétaro,Querétaro,Total,220140001,48.88000000000009
2019,Querétaro,Querétaro,Total,220140001,46.52000000000011
2018,Querétaro,Querétaro,Total,220140001,42.89000000000004
2017,Querétaro,Querétaro,Total,220140001,40.13000000000009
2016,Querétaro,Querétaro,Total,220140001,38.09174867505921
2021,Querétaro,Querétaro,Hombres,220140001,57.60000000000011
2020,Querétaro,Querétaro,Hombres,220140001,50.17000000000006
2019,Querétaro,Querétaro,Hombres,220140001,49.0
2018,Querétaro,Querétaro,Hombres,220140001,44.64999999999996
2017,Querétaro,Querétaro,Hombres,220140001,42.060000000000045
2016,Querétaro,Querétaro,Hombres,220140001,39.83419473926824
2021,Querétaro,Querétaro,Mujeres,220140001,49.38000000000009
2020,Querétaro,Querétaro,Mujeres,220140001,46.78
2019,Querétaro,Querétaro,Mujeres,220140001,42.5
2018,Querétaro,Querétaro,Mujeres,220140001,39.72999999999995
2017,Querétaro,Querétaro,Mujeres,220140001,36.53999999999997
2016,Querétaro,Querétaro,Mujeres,220140001,35.001191150566335
2021,Quintana Roo,,Total,23,41.409999999999926
2020,Quintana Roo,,Total,23,41.86999999999991
2019,Quintana Roo,,Total,23,39.21000000000003
2018,Quintana Roo,,Total,23,37.40000000000002
2017,Quintana Roo,,Total,23,35.46000000000003
2016,Quintana Roo,,Total,23,34.16133121869055
2021,Quintana Roo,,Hombres,23,41.96999999999998
2020,Quintana Roo,,Hombres,23,42.21999999999998
2019,Quintana Roo,,Hombres,23,39.640000000000015
2018,Quintana Roo,,Hombres,23,37.88000000000008
2017,Quintana Roo,,Hombres,23,35.86999999999992
2016,Quintana Roo,,Hombres,23,34.436212478566624
2021,Quintana Roo,,Mujeres,23,40.27000000000007
2020,Quintana Roo,,Mujeres,23,41.18999999999996
2019,Quintana Roo,,Mujeres,23,38.32000000000002
2018,Quintana Roo,,Mujeres,23,36.42000000000005
2017,Quintana Roo,,Mujeres,23,34.57999999999995
2016,Quintana Roo,,Mujeres,23,33.590219237090444
2021,Quintana Roo,Cancún,Total,230050001,42.89999999999997
2020,Quintana Roo,Cancún,Total,230050001,43.89999999999996
2019,Quintana Roo,Cancún,Total,230050001,41.010000000000126
2018,Quintana Roo,Cancún,Total,230050001,39.71999999999996
2017,Quintana Roo,Cancún,Total,230050001,37.63000000000008
2016,Quintana Roo,Cancún,Total,230050001,36.14451860880259
2021,Quintana Roo,Cancún,Hombres,230050001,43.5
2020,Quintana Roo,Cancún,Hombres,230050001,44.53999999999997
2019,Quintana Roo,Cancún,Hombres,230050001,41.67000000000005
2018,Quintana Roo,Cancún,Hombres,230050001,40.13000000000009
2017,Quintana Roo,Cancún,Hombres,230050001,37.92999999999997
2016,Quintana Roo,Cancún,Hombres,230050001,36.971567062541
2021,Quintana Roo,Cancún,Mujeres,230050001,41.68999999999996
2020,Quintana Roo,Cancún,Mujeres,230050001,42.57999999999995
2019,Quintana Roo,Cancún,Mujeres,230050001,39.67999999999999
2018,Quintana Roo,Cancún,Mujeres,230050001,38.92999999999998
2017,Quintana Roo,Cancún,Mujeres,230050001,37.0
2016,Quintana Roo,Cancún,Mujeres,230050001,34.31182285760506
2021,San Luis Potosí,,Total,24,41.78000000000002
2020,San Luis Potosí,,Total,24,37.82000000000003
2019,San Luis Potosí,,Total,24,36.09000000000006
2018,San Luis Potosí,,Total,24,33.989999999999895
2017,San Luis Potosí,,Total,24,31.429999999999936
2016,San Luis Potosí,,Total,24,28.8904338209677
2021,San Luis Potosí,,Hombres,24,42.64000000000004
2020,San Luis Potosí,,Hombres,24,38.71999999999996
2019,San Luis Potosí,,Hombres,24,36.30000000000008
2018,San Luis Potosí,,Hombres,24,34.25
2017,San Luis Potosí,,Hombres,24,31.769999999999985
2016,San Luis Potosí,,Hombres,24,29.15779886304565
2021,San Luis Potosí,,Mujeres,24,40.35000000000001
2020,San Luis Potosí,,Mujeres,24,36.11999999999992
2019,San Luis Potosí,,Mujeres,24,35.69000000000002
2018,San Luis Potosí,,Mujeres,24,33.489999999999895
2017,San Luis Potosí,,Mujeres,24,30.78000000000008
2016,San Luis Potosí,,Mujeres,24,28.35849936544797
2021,San Luis Potosí,San Luis Potosí,Total,240280001,52.77999999999996
2020,San Luis Potosí,San Luis Potosí,Total,240280001,49.14000000000007
2019,San Luis Potosí,San Luis Potosí,Total,240280001,45.23999999999987
2018,San Luis Potosí,San Luis Potosí,Total,240280001,43.09000000000008
2017,San Luis Potosí,San Luis Potosí,Total,240280001,39.35
2016,San Luis Potosí,San Luis Potosí,Total,240280001,36.58352434737967
2021,San Luis Potosí,San Luis Potosí,Hombres,240280001,55.67000000000006
2020,San Luis Potosí,San Luis Potosí,Hombres,240280001,51.229999999999855
2019,San Luis Potosí,San Luis Potosí,Hombres,240280001,46.80000000000011
2018,San Luis Potosí,San Luis Potosí,Hombres,240280001,44.53000000000001
2017,San Luis Potosí,San Luis Potosí,Hombres,240280001,40.78000000000003
2016,San Luis Potosí,San Luis Potosí,Hombres,240280001,38.20081327200214
2021,San Luis Potosí,San Luis Potosí,Mujeres,240280001,48.68999999999991
2020,San Luis Potosí,San Luis Potosí,Mujeres,240280001,45.84000000000008
2019,San Luis Potosí,San Luis Potosí,Mujeres,240280001,42.8000000000001
2018,San Luis Potosí,San Luis Potosí,Mujeres,240280001,40.77000000000007
2017,San Luis Potosí,San Luis Potosí,Mujeres,240280001,37.15000000000003
2016,San Luis Potosí,San Luis Potosí,Mujeres,240280001,33.95837195022613
2021,Sinaloa,,Total,25,45.89000000000006
2020,Sinaloa,,Total,25,43.27000000000009
2019,Sinaloa,,Total,25,40.26000000000012
2018,Sinaloa,,Total,25,38.01000000000012
2017,Sinaloa,,Total,25,36.44000000000001
2016,Sinaloa,,Total,25,33.81793906409018
2021,Sinaloa,,Hombres,25,46.89999999999994
2020,Sinaloa,,Hombres,25,44.13000000000009
2019,Sinaloa,,Hombres,25,41.27000000000008
2018,Sinaloa,,Hombres,25,38.96000000000003
2017,Sinaloa,,Hombres,25,37.57999999999995
2016,Sinaloa,,Hombres,25,34.683188185269934
2021,Sinaloa,,Mujeres,25,44.020000000000095
2020,Sinaloa,,Mujeres,25,41.75
2019,Sinaloa,,Mujeres,25,38.400000000000006
2018,Sinaloa,,Mujeres,25,36.28000000000006
2017,Sinaloa,,Mujeres,25,34.30999999999996
2016,Sinaloa,,Mujeres,25,32.146296441963834
2021,Sinaloa,Culiacán,Total,250060001,53.15999999999991
2020,Sinaloa,Culiacán,Total,250060001,50.97999999999986
2019,Sinaloa,Culiacán,Total,250060001,46.57999999999994
2018,Sinaloa,Culiacán,Total,250060001,43.43000000000001
2017,Sinaloa,Culiacán,Total,250060001,43.1999999999999
2016,Sinaloa,Culiacán,Total,250060001,41.37721278545271
2021,Sinaloa,Culiacán,Hombres,250060001,56.02000000000017
2020,Sinaloa,Culiacán,Hombres,250060001,53.100000000000094
2019,Sinaloa,Culiacán,Hombres,250060001,48.52999999999999
2018,Sinaloa,Culiacán,Hombres,250060001,45.47
2017,Sinaloa,Culiacán,Hombres,250060001,45.0200000000001
2016,Sinaloa,Culiacán,Hombres,250060001,43.03027274486737
2021,Sinaloa,Culiacán,Mujeres,250060001,48.81999999999996
2020,Sinaloa,Culiacán,Mujeres,250060001,47.77000000000013
2019,Sinaloa,Culiacán,Mujeres,250060001,43.59000000000008
2018,Sinaloa,Culiacán,Mujeres,250060001,40.31000000000003
2017,Sinaloa,Culiacán,Mujeres,250060001,40.35999999999998
2016,Sinaloa,Culiacán,Mujeres,250060001,38.78491172138038
2021,Sinaloa,Mazatlán,Total,250120001,
2020,Sinaloa,Mazatlán,Total,250120001,
2019,Sinaloa,Mazatlán,Total,250120001,
2018,Sinaloa,Mazatlán,Total,250120001,
2017,Sinaloa,Mazatlán,Total,250120001,
2016,Sinaloa,Mazatlán,Total,250120001,
2021,Sinaloa,Mazatlán,Hombres,250120001,
2020,Sinaloa,Mazatlán,Hombres,250120001,
2019,Sinaloa,Mazatlán,Hombres,250120001,
2018,Sinaloa,Mazatlán,Hombres,250120001,
2017,Sinaloa,Mazatlán,Hombres,250120001,
2016,Sinaloa,Mazatlán,Hombres,250120001,
2021,Sinaloa,Mazatlán,Mujeres,250120001,
2020,Sinaloa,Mazatlán,Mujeres,250120001,
2019,Sinaloa,Mazatlán,Mujeres,250120001,
2018,Sinaloa,Mazatlán,Mujeres,250120001,
2017,Sinaloa,Mazatlán,Mujeres,250120001,
2016,Sinaloa,Mazatlán,Mujeres,250120001,
2021,Sonora,,Total,26,45.10999999999995
2020,Sonora,,Total,26,43.21000000000003
2019,Sonora,,Total,26,40.64000000000002
2018,Sonora,,Total,26,39.390000000000015
2017,Sonora,,Total,26,37.02000000000002
2016,Sonora,,Total,26,34.663875366841815
2021,Sonora,,Hombres,26,45.89000000000006
2020,Sonora,,Hombres,26,43.92000000000005
2019,Sonora,,Hombres,26,41.34000000000008
2018,Sonora,,Hombres,26,40.17999999999999
2017,Sonora,,Hombres,26,38.22999999999996
2016,Sonora,,Hombres,26,36.12021302447008
2021,Sonora,,Mujeres,26,43.78000000000001
2020,Sonora,,Mujeres,26,41.909999999999926
2019,Sonora,,Mujeres,26,39.36999999999992
2018,Sonora,,Mujeres,26,37.97999999999996
2017,Sonora,,Mujeres,26,34.699999999999925
2016,Sonora,,Mujeres,26,31.91501291763516
2021,Sonora,Ciudad Obregón,Total,260180001,
2020,Sonora,Ciudad Obregón,Total,260180001,
2019,Sonora,Ciudad Obregón,Total,260180001,
2018,Sonora,Ciudad Obregón,Total,260180001,
2017,Sonora,Ciudad Obregón,Total,260180001,
2016,Sonora,Ciudad Obregón,Total,260180001,
2021,Sonora,Ciudad Obregón,Hombres,260180001,
2020,Sonora,Ciudad Obregón,Hombres,260180001,
2019,Sonora,Ciudad Obregón,Hombres,260180001,
2018,Sonora,Ciudad Obregón,Hombres,260180001,
2017,Sonora,Ciudad Obregón,Hombres,260180001,
2016,Sonora,Ciudad Obregón,Hombres,260180001,
2021,Sonora,Ciudad Obregón,Mujeres,260180001,
2020,Sonora,Ciudad Obregón,Mujeres,260180001,
2019,Sonora,Ciudad Obregón,Mujeres,260180001,
2018,Sonora,Ciudad Obregón,Mujeres,260180001,
2017,Sonora,Ciudad Obregón,Mujeres,260180001,
2016,Sonora,Ciudad Obregón,Mujeres,260180001,
2021,Sonora,Hermosillo,Total,260300001,55.64000000000011
2020,Sonora,Hermosillo,Total,260300001,52.94999999999988
2019,Sonora,Hermosillo,Total,260300001,48.78999999999997
2018,Sonora,Hermosillo,Total,260300001,47.18999999999991
2017,Sonora,Hermosillo,Total,260300001,45.09000000000008
2016,Sonora,Hermosillo,Total,260300001,42.91279071949885
2021,Sonora,Hermosillo,Hombres,260300001,57.630000000000095
2020,Sonora,Hermosillo,Hombres,260300001,54.21000000000003
2019,Sonora,Hermosillo,Hombres,260300001,49.8100000000001
2018,Sonora,Hermosillo,Hombres,260300001,48.22000000000001
2017,Sonora,Hermosillo,Hombres,260300001,47.75
2016,Sonora,Hermosillo,Hombres,260300001,44.70475091190284
2021,Sonora,Hermosillo,Mujeres,260300001,52.51000000000015
2020,Sonora,Hermosillo,Mujeres,260300001,50.90999999999991
2019,Sonora,Hermosillo,Mujeres,260300001,47.17000000000006
2018,Sonora,Hermosillo,Mujeres,260300001,45.43000000000002
2017,Sonora,Hermosillo,Mujeres,260300001,40.76000000000012
2016,Sonora,Hermosillo,Mujeres,260300001,39.89038122983365
2021,Tabasco,,Total,27,35.90000000000004
2020,Tabasco,,Total,27,33.90999999999995
2019,Tabasco,,Total,27,31.69999999999993
2018,Tabasco,,Total,27,29.40999999999996
2017,Tabasco,,Total,27,28.429999999999943
2016,Tabasco,,Total,27,27.66140953458024
2021,Tabasco,,Hombres,27,35.92000000000005
2020,Tabasco,,Hombres,27,33.26999999999999
2019,Tabasco,,Hombres,27,31.75
2018,Tabasco,,Hombres,27,29.09999999999994
2017,Tabasco,,Hombres,27,28.369999999999923
2016,Tabasco,,Hombres,27,27.630731169488524
2021,Tabasco,,Mujeres,27,35.860000000000014
2020,Tabasco,,Mujeres,27,35.5
2019,Tabasco,,Mujeres,27,31.57999999999995
2018,Tabasco,,Mujeres,27,30.150000000000063
2017,Tabasco,,Mujeres,27,28.59000000000004
2016,Tabasco,,Mujeres,27,27.738318195884435
2021,Tabasco,Villahermosa,Total,270040001,43.0500000000001
2020,Tabasco,Villahermosa,Total,270040001,40.57000000000001
2019,Tabasco,Villahermosa,Total,270040001,36.86999999999992
2018,Tabasco,Villahermosa,Total,270040001,36.86999999999992
2017,Tabasco,Villahermosa,Total,270040001,35.239999999999895
2016,Tabasco,Villahermosa,Total,270040001,35.44330423454084
2021,Tabasco,Villahermosa,Hombres,270040001,43.31000000000006
2020,Tabasco,Villahermosa,Hombres,270040001,40.06000000000003
2019,Tabasco,Villahermosa,Hombres,270040001,36.71999999999994
2018,Tabasco,Villahermosa,Hombres,270040001,36.71999999999994
2017,Tabasco,Villahermosa,Hombres,270040001,35.13999999999998
2016,Tabasco,Villahermosa,Hombres,270040001,35.5197944515802
2021,Tabasco,Villahermosa,Mujeres,270040001,42.60999999999997
2020,Tabasco,Villahermosa,Mujeres,270040001,41.46999999999998
2019,Tabasco,Villahermosa,Mujeres,270040001,37.11999999999992
2018,Tabasco,Villahermosa,Mujeres,270040001,37.15000000000003
2017,Tabasco,Villahermosa,Mujeres,270040001,35.42000000000005
2016,Tabasco,Villahermosa,Mujeres,270040001,35.30976284863614
2021,Tamaulipas,,Total,28,42.71999999999999
2020,Tamaulipas,,Total,28,40.31000000000003
2019,Tamaulipas,,Total,28,38.13000000000008
2018,Tamaulipas,,Total,28,35.96000000000003
2017,Tamaulipas,,Total,28,32.59000000000005
2016,Tamaulipas,,Total,28,31.73493764570458
2021,Tamaulipas,,Hombres,28,43.57999999999995
2020,Tamaulipas,,Hombres,28,41.409999999999926
2019,Tamaulipas,,Hombres,28,38.909999999999926
2018,Tamaulipas,,Hombres,28,37.17999999999997
2017,Tamaulipas,,Hombres,28,33.57000000000007
2016,Tamaulipas,,Hombres,28,32.83513362608529
2021,Tamaulipas,,Mujeres,28,41.19999999999991
2020,Tamaulipas,,Mujeres,28,38.28999999999997
2019,Tamaulipas,,Mujeres,28,36.67999999999996
2018,Tamaulipas,,Mujeres,28,33.69000000000005
2017,Tamaulipas,,Mujeres,28,30.800000000000065
2016,Tamaulipas,,Mujeres,28,29.72776304983712
2021,Tamaulipas,Heroica Matamoros,Total,280220001,
2020,Tamaulipas,Heroica Matamoros,Total,280220001,
2019,Tamaulipas,Heroica Matamoros,Total,280220001,
2018,Tamaulipas,Heroica Matamoros,Total,280220001,
2017,Tamaulipas,Heroica Matamoros,Total,280220001,
2016,Tamaulipas,Heroica Matamoros,Total,280220001,
2021,Tamaulipas,Heroica Matamoros,Hombres,280220001,
2020,Tamaulipas,Heroica Matamoros,Hombres,280220001,
2019,Tamaulipas,Heroica Matamoros,Hombres,280220001,
2018,Tamaulipas,Heroica Matamoros,Hombres,280220001,
2017,Tamaulipas,Heroica Matamoros,Hombres,280220001,
2016,Tamaulipas,Heroica Matamoros,Hombres,280220001,
2021,Tamaulipas,Heroica Matamoros,Mujeres,280220001,
2020,Tamaulipas,Heroica Matamoros,Mujeres,280220001,
2019,Tamaulipas,Heroica Matamoros,Mujeres,280220001,
2018,Tamaulipas,Heroica Matamoros,Mujeres,280220001,
2017,Tamaulipas,Heroica Matamoros,Mujeres,280220001,
2016,Tamaulipas,Heroica Matamoros,Mujeres,280220001,
2021,Tamaulipas,Nuevo Laredo,Total,280270001,
2020,Tamaulipas,Nuevo Laredo,Total,280270001,
2019,Tamaulipas,Nuevo Laredo,Total,280270001,
2018,Tamaulipas,Nuevo Laredo,Total,280270001,
2017,Tamaulipas,Nuevo Laredo,Total,280270001,
2016,Tamaulipas,Nuevo Laredo,Total,280270001,
2021,Tamaulipas,Nuevo Laredo,Hombres,280270001,
2020,Tamaulipas,Nuevo Laredo,Hombres,280270001,
2019,Tamaulipas,Nuevo Laredo,Hombres,280270001,
2018,Tamaulipas,Nuevo Laredo,Hombres,280270001,
2017,Tamaulipas,Nuevo Laredo,Hombres,280270001,
2016,Tamaulipas,Nuevo Laredo,Hombres,280270001,
2021,Tamaulipas,Nuevo Laredo,Mujeres,280270001,
2020,Tamaulipas,Nuevo Laredo,Mujeres,280270001,
2019,Tamaulipas,Nuevo Laredo,Mujeres,280270001,
2018,Tamaulipas,Nuevo Laredo,Mujeres,280270001,
2017,Tamaulipas,Nuevo Laredo,Mujeres,280270001,
2016,Tamaulipas,Nuevo Laredo,Mujeres,280270001,
2021,Tamaulipas,Reynosa,Total,280320001,43.760000000000126
2020,Tamaulipas,Reynosa,Total,280320001,41.17000000000005
2019,Tamaulipas,Reynosa,Total,280320001,37.07000000000004
2018,Tamaulipas,Reynosa,Total,280320001,
2017,Tamaulipas,Reynosa,Total,280320001,
2016,Tamaulipas,Reynosa,Total,280320001,
2021,Tamaulipas,Reynosa,Hombres,280320001,45.3000000000001
2020,Tamaulipas,Reynosa,Hombres,280320001,42.72999999999991
2019,Tamaulipas,Reynosa,Hombres,280320001,38.42999999999998
2018,Tamaulipas,Reynosa,Hombres,280320001,
2017,Tamaulipas,Reynosa,Hombres,280320001,
2016,Tamaulipas,Reynosa,Hombres,280320001,
2021,Tamaulipas,Reynosa,Mujeres,280320001,41.25
2020,Tamaulipas,Reynosa,Mujeres,280320001,38.47999999999996
2019,Tamaulipas,Reynosa,Mujeres,280320001,34.82999999999995
2018,Tamaulipas,Reynosa,Mujeres,280320001,
2017,Tamaulipas,Reynosa,Mujeres,280320001,
2016,Tamaulipas,Reynosa,Mujeres,280320001,
2021,Tamaulipas,Tampico,Total,280380001,43.71000000000003
2020,Tamaulipas,Tampico,Total,280380001,42.92000000000005
2019,Tamaulipas,Tampico,Total,280380001,40.30000000000009
2018,Tamaulipas,Tampico,Total,280380001,37.82999999999995
2017,Tamaulipas,Tampico,Total,280380001,34.82000000000006
2016,Tamaulipas,Tampico,Total,280380001,34.48571584660656
2021,Tamaulipas,Tampico,Hombres,280380001,45.39999999999995
2020,Tamaulipas,Tampico,Hombres,280380001,45.78
2019,Tamaulipas,Tampico,Hombres,280380001,42.77000000000009
2018,Tamaulipas,Tampico,Hombres,280380001,39.96999999999996
2017,Tamaulipas,Tampico,Hombres,280380001,36.30000000000008
2016,Tamaulipas,Tampico,Hombres,280380001,36.471447459537245
2021,Tamaulipas,Tampico,Mujeres,280380001,40.72999999999993
2020,Tamaulipas,Tampico,Mujeres,280380001,37.64
2019,Tamaulipas,Tampico,Mujeres,280380001,35.780000000000065
2018,Tamaulipas,Tampico,Mujeres,280380001,34.03999999999997
2017,Tamaulipas,Tampico,Mujeres,280380001,32.139999999999965
2016,Tamaulipas,Tampico,Mujeres,280380001,30.920161893274905
2021,Tlaxcala,,Total,29,29.40999999999996
2020,Tlaxcala,,Total,29,28.05999999999996
2019,Tlaxcala,,Total,29,26.88999999999998
2018,Tlaxcala,,Total,29,26.050000000000043
2017,Tlaxcala,,Total,29,24.78000000000005
2016,Tlaxcala,,Total,29,23.8046171943356
2021,Tlaxcala,,Hombres,29,30.23000000000001
2020,Tlaxcala,,Hombres,29,28.63000000000008
2019,Tlaxcala,,Hombres,29,27.679999999999943
2018,Tlaxcala,,Hombres,29,27.019999999999985
2017,Tlaxcala,,Hombres,29,25.440000000000044
2016,Tlaxcala,,Hombres,29,24.471783553157668
2021,Tlaxcala,,Mujeres,29,27.940000000000044
2020,Tlaxcala,,Mujeres,29,26.98999999999992
2019,Tlaxcala,,Mujeres,29,25.400000000000052
2018,Tlaxcala,,Mujeres,29,24.099999999999945
2017,Tlaxcala,,Mujeres,29,23.48999999999994
2016,Tlaxcala,,Mujeres,29,22.481568222135635
2021,Tlaxcala,Tlaxcala,Total,290330001,31.190000000000047
2020,Tlaxcala,Tlaxcala,Total,290330001,30.65999999999995
2019,Tlaxcala,Tlaxcala,Total,290330001,29.329999999999952
2018,Tlaxcala,Tlaxcala,Total,290330001,28.260000000000083
2017,Tlaxcala,Tlaxcala,Total,290330001,26.369999999999926
2016,Tlaxcala,Tlaxcala,Total,290330001,25.6228244005647
2021,Tlaxcala,Tlaxcala,Hombres,290330001,31.75
2020,Tlaxcala,Tlaxcala,Hombres,290330001,31.449999999999932
2019,Tlaxcala,Tlaxcala,Hombres,290330001,30.170000000000048
2018,Tlaxcala,Tlaxcala,Hombres,290330001,28.96999999999993
2017,Tlaxcala,Tlaxcala,Hombres,290330001,27.11000000000002
2016,Tlaxcala,Tlaxcala,Hombres,290330001,26.155178342643577
2021,Tlaxcala,Tlaxcala,Mujeres,290330001,30.23000000000001
2020,Tlaxcala,Tlaxcala,Mujeres,290330001,29.300000000000058
2019,Tlaxcala,Tlaxcala,Mujeres,290330001,27.820000000000054
2018,Tlaxcala,Tlaxcala,Mujeres,290330001,26.880000000000077
2017,Tlaxcala,Tlaxcala,Mujeres,290330001,25.05000000000004
2016,Tlaxcala,Tlaxcala,Mujeres,290330001,24.626526410805702
2021,Veracruz de Ignacio de la Llave,,Total,30,31.88000000000008
2020,Veracruz de Ignacio de la Llave,,Total,30,30.420000000000048
2019,Veracruz de Ignacio de la Llave,,Total,30,26.119999999999926
2018,Veracruz de Ignacio de la Llave,,Total,30,26.170000000000044
2017,Veracruz de Ignacio de la Llave,,Total,30,25.28000000000005
2016,Veracruz de Ignacio de la Llave,,Total,30,25.64121725320896
2021,Veracruz de Ignacio de la Llave,,Hombres,30,32.510000000000105
2020,Veracruz de Ignacio de la Llave,,Hombres,30,29.82000000000006
2019,Veracruz de Ignacio de la Llave,,Hombres,30,26.429999999999957
2018,Veracruz de Ignacio de la Llave,,Hombres,30,26.320000000000046
2017,Veracruz de Ignacio de la Llave,,Hombres,30,25.55000000000004
2016,Veracruz de Ignacio de la Llave,,Hombres,30,26.35964625999745
2021,Veracruz de Ignacio de la Llave,,Mujeres,30,30.599999999999937
2020,Veracruz de Ignacio de la Llave,,Mujeres,30,31.61000000000004
2019,Veracruz de Ignacio de la Llave,,Mujeres,30,25.48000000000001
2018,Veracruz de Ignacio de la Llave,,Mujeres,30,25.840000000000025
2017,Veracruz de Ignacio de la Llave,,Mujeres,30,24.650000000000052
2016,Veracruz de Ignacio de la Llave,,Mujeres,30,23.98483096216345
2021,Veracruz de Ignacio de la Llave,Coatzacoalcos,Total,300390001,38.770000000000046
2020,Veracruz de Ignacio de la Llave,Coatzacoalcos,Total,300390001,36.86999999999992
2019,Veracruz de Ignacio de la Llave,Coatzacoalcos,Total,300390001,
2018,Veracruz de Ignacio de la Llave,Coatzacoalcos,Total,300390001,
2017,Veracruz de Ignacio de la Llave,Coatzacoalcos,Total,300390001,
2016,Veracruz de Ignacio de la Llave,Coatzacoalcos,Total,300390001,
2021,Veracruz de Ignacio de la Llave,Coatzacoalcos,Hombres,300390001,40.69999999999991
2020,Veracruz de Ignacio de la Llave,Coatzacoalcos,Hombres,300390001,39.140000000000015
2019,Veracruz de Ignacio de la Llave,Coatzacoalcos,Hombres,300390001,
2018,Veracruz de Ignacio de la Llave,Coatzacoalcos,Hombres,300390001,
2017,Veracruz de Ignacio de la Llave,Coatzacoalcos,Hombres,300390001,
2016,Veracruz de Ignacio de la Llave,Coatzacoalcos,Hombres,300390001,
2021,Veracruz de Ignacio de la Llave,Coatzacoalcos,Mujeres,300390001,35.71000000000003
2020,Veracruz de Ignacio de la Llave,Coatzacoalcos,Mujeres,300390001,33.07999999999995
2019,Veracruz de Ignacio de la Llave,Coatzacoalcos,Mujeres,300390001,
2018,Veracruz de Ignacio de la Llave,Coatzacoalcos,Mujeres,300390001,
2017,Veracruz de Ignacio de la Llave,Coatzacoalcos,Mujeres,300390001,
2016,Veracruz de Ignacio de la Llave,Coatzacoalcos,Mujeres,300390001,
2021,Veracruz de Ignacio de la Llave,Xalapa-Enríquez,Total,300870001,
2020,Veracruz de Ignacio de la Llave,Xalapa-Enríquez,Total,300870001,
2019,Veracruz de Ignacio de la Llave,Xalapa-Enríquez,Total,300870001,
2018,Veracruz de Ignacio de la Llave,Xalapa-Enríquez,Total,300870001,
2017,Veracruz de Ignacio de la Llave,Xalapa-Enríquez,Total,300870001,
2016,Veracruz de Ignacio de la Llave,Xalapa-Enríquez,Total,300870001,
2021,Veracruz de Ignacio de la Llave,Xalapa-Enríquez,Hombres,300870001,
2020,Veracruz de Ignacio de la Llave,Xalapa-Enríquez,Hombres,300870001,
2019,Veracruz de Ignacio de la Llave,Xalapa-Enríquez,Hombres,300870001,
2018,Veracruz de Ignacio de la Llave,Xalapa-Enríquez,Hombres,300870001,
2017,Veracruz de Ignacio de la Llave,Xalapa-Enríquez,Hombres,300870001,
2016,Veracruz de Ignacio de la Llave,Xalapa-Enríquez,Hombres,300870001,
2021,Veracruz de Ignacio de la Llave,Xalapa-Enríquez,Mujeres,300870001,
2020,Veracruz de Ignacio de la Llave,Xalapa-Enríquez,Mujeres,300870001,
2019,Veracruz de Ignacio de la Llave,Xalapa-Enríquez,Mujeres,300870001,
2018,Veracruz de Ignacio de la Llave,Xalapa-Enríquez,Mujeres,300870001,
2017,Veracruz de Ignacio de la Llave,Xalapa-Enríquez,Mujeres,300870001,
2016,Veracruz de Ignacio de la Llave,Xalapa-Enríquez,Mujeres,300870001,
2021,Veracruz de Ignacio de la Llave,Veracruz,Total,301930001,39.07999999999995
2020,Veracruz de Ignacio de la Llave,Veracruz,Total,301930001,34.80999999999997
2019,Veracruz de Ignacio de la Llave,Veracruz,Total,301930001,33.610000000000035
2018,Veracruz de Ignacio de la Llave,Veracruz,Total,301930001,32.42000000000005
2017,Veracruz de Ignacio de la Llave,Veracruz,Total,301930001,30.05000000000006
2016,Veracruz de Ignacio de la Llave,Veracruz,Total,301930001,29.58708912330336
2021,Veracruz de Ignacio de la Llave,Veracruz,Hombres,301930001,40.35000000000001
2020,Veracruz de Ignacio de la Llave,Veracruz,Hombres,301930001,35.76000000000011
2019,Veracruz de Ignacio de la Llave,Veracruz,Hombres,301930001,35.46999999999993
2018,Veracruz de Ignacio de la Llave,Veracruz,Hombres,301930001,33.40000000000006
2017,Veracruz de Ignacio de la Llave,Veracruz,Hombres,301930001,30.639999999999965
2016,Veracruz de Ignacio de la Llave,Veracruz,Hombres,301930001,30.33708477388463
2021,Veracruz de Ignacio de la Llave,Veracruz,Mujeres,301930001,36.92000000000005
2020,Veracruz de Ignacio de la Llave,Veracruz,Mujeres,301930001,33.17999999999993
2019,Veracruz de Ignacio de la Llave,Veracruz,Mujeres,301930001,30.639999999999965
2018,Veracruz de Ignacio de la Llave,Veracruz,Mujeres,301930001,30.76000000000009
2017,Veracruz de Ignacio de la Llave,Veracruz,Mujeres,301930001,29.059999999999956
2016,Veracruz de Ignacio de la Llave,Veracruz,Mujeres,301930001,28.344550052616764
2021,Yucatán,,Total,31,38.35
2020,Yucatán,,Total,31,36.55000000000008
2019,Yucatán,,Total,31,33.0
2018,Yucatán,,Total,31,31.239999999999903
2017,Yucatán,,Total,31,29.86000000000003
2016,Yucatán,,Total,31,27.79502469158401
2021,Yucatán,,Hombres,31,38.93999999999999
2020,Yucatán,,Hombres,31,37.42000000000005
2019,Yucatán,,Hombres,31,33.69000000000005
2018,Yucatán,,Hombres,31,31.690000000000047
2017,Yucatán,,Hombres,31,30.28000000000008
2016,Yucatán,,Hombres,31,28.17516578479067
2021,Yucatán,,Mujeres,31,37.21000000000003
2020,Yucatán,,Mujeres,31,34.63999999999997
2019,Yucatán,,Mujeres,31,31.57999999999995
2018,Yucatán,,Mujeres,31,30.309999999999956
2017,Yucatán,,Mujeres,31,29.03000000000007
2016,Yucatán,,Mujeres,31,27.02141698395952
2021,Yucatán,Mérida,Total,310500001,46.15999999999992
2020,Yucatán,Mérida,Total,310500001,44.56000000000007
2019,Yucatán,Mérida,Total,310500001,40.78999999999997
2018,Yucatán,Mérida,Total,310500001,38.09999999999998
2017,Yucatán,Mérida,Total,310500001,36.84999999999997
2016,Yucatán,Mérida,Total,310500001,34.27552063699521
2021,Yucatán,Mérida,Hombres,310500001,47.64000000000007
2020,Yucatán,Mérida,Hombres,310500001,46.57999999999994
2019,Yucatán,Mérida,Hombres,310500001,42.14000000000003
2018,Yucatán,Mérida,Hombres,310500001,39.05000000000008
2017,Yucatán,Mérida,Hombres,310500001,37.69999999999992
2016,Yucatán,Mérida,Hombres,310500001,35.14988629551224
2021,Yucatán,Mérida,Mujeres,310500001,43.72999999999991
2020,Yucatán,Mérida,Mujeres,310500001,40.92999999999999
2019,Yucatán,Mérida,Mujeres,310500001,38.44999999999992
2018,Yucatán,Mérida,Mujeres,310500001,36.40999999999994
2017,Yucatán,Mérida,Mujeres,310500001,35.38999999999998
2016,Yucatán,Mérida,Mujeres,310500001,32.77679708990262
2021,Zacatecas,,Total,32,36.42999999999996
2020,Zacatecas,,Total,32,34.349999999999945
2019,Zacatecas,,Total,32,32.610000000000035
2018,Zacatecas,,Total,32,30.269999999999985
2017,Zacatecas,,Total,32,29.119999999999923
2016,Zacatecas,,Total,32,27.816291443598537
2021,Zacatecas,,Hombres,32,36.19000000000002
2020,Zacatecas,,Hombres,32,33.739999999999895
2019,Zacatecas,,Hombres,32,32.69000000000005
2018,Zacatecas,,Hombres,32,30.25
2017,Zacatecas,,Hombres,32,28.78999999999997
2016,Zacatecas,,Hombres,32,27.20842541267405
2021,Zacatecas,,Mujeres,32,36.90000000000003
2020,Zacatecas,,Mujeres,32,35.61999999999992
2019,Zacatecas,,Mujeres,32,32.42000000000005
2018,Zacatecas,,Mujeres,32,30.320000000000064
2017,Zacatecas,,Mujeres,32,29.920000000000048
2016,Zacatecas,,Mujeres,32,29.239619997150356
2021,Zacatecas,Zacatecas,Total,320560001,47.28999999999997
2020,Zacatecas,Zacatecas,Total,320560001,45.42000000000005
2019,Zacatecas,Zacatecas,Total,320560001,41.60000000000002
2018,Zacatecas,Zacatecas,Total,320560001,38.88000000000008
2017,Zacatecas,Zacatecas,Total,320560001,37.55000000000008
2016,Zacatecas,Zacatecas,Total,320560001,36.602757885882575
2021,Zacatecas,Zacatecas,Hombres,320560001,46.96000000000003
2020,Zacatecas,Zacatecas,Hombres,320560001,44.22999999999991
2019,Zacatecas,Zacatecas,Hombres,320560001,41.80000000000009
2018,Zacatecas,Zacatecas,Hombres,320560001,38.71000000000003
2017,Zacatecas,Zacatecas,Hombres,320560001,36.80999999999999
2016,Zacatecas,Zacatecas,Hombres,320560001,36.281616209004014
2021,Zacatecas,Zacatecas,Mujeres,320560001,47.77000000000013
2020,Zacatecas,Zacatecas,Mujeres,320560001,47.28
2019,Zacatecas,Zacatecas,Mujeres,320560001,41.28000000000003
2018,Zacatecas,Zacatecas,Mujeres,320560001,39.17000000000005
2017,Zacatecas,Zacatecas,Mujeres,320560001,38.78999999999997
2016,Zacatecas,Zacatecas,Mujeres,320560001,37.13388535952253
