Year,Grupo de edad,Violencia sexual  y Lugar de la(s) agresión(es),Value
2021,Total de 15 a 49 años de edad,Con al menos un incidente de violencia sexual,29.5705060277355
2016,Total de 15 a 49 años de edad,Con al menos un incidente de violencia sexual,28.00517362213
2011,Total de 15 a 49 años de edad,Con al menos un incidente de violencia sexual,19.3761289746537
2021,Total de 15 a 49 años de edad,Sin incidentes,70.2394712676814
2016,Total de 15 a 49 años de edad,Sin incidentes,71.9865300922065
2011,Total de 15 a 49 años de edad,Sin incidentes,80.2859936751159
2021,Total de 15 a 49 años de edad,No especificado,0.19002270458313
2016,Total de 15 a 49 años de edad,No especificado,0.0082962856634983
2011,Total de 15 a 49 años de edad,No especificado,0.337877350230436
2021,Total de 15 a 49 años de edad,Calle o parque,78.4175182534257
2016,Total de 15 a 49 años de edad,Calle o parque,79.7094773178402
2011,Total de 15 a 49 años de edad,Calle o parque,90.7905832527029
2021,Total de 15 a 49 años de edad,Transporte público <sup>1</sup>,27.4659783238758
2016,Total de 15 a 49 años de edad,Transporte público <sup>1</sup>,26.2792639970428
2011,Total de 15 a 49 años de edad,Transporte público <sup>1</sup>,12.14366301381
2021,Total de 15 a 49 años de edad,Casa particular,9.27148745063867
2016,Total de 15 a 49 años de edad,Casa particular,7.17504172407154
2011,Total de 15 a 49 años de edad,Casa particular,9.02101106038403
2021,Total de 15 a 49 años de edad,Instalaciones de la escuela o trabajo <sup>2</sup>,18.0006521899415
2016,Total de 15 a 49 años de edad,Instalaciones de la escuela o trabajo <sup>2</sup>,14.9188057006446
2011,Total de 15 a 49 años de edad,Instalaciones de la escuela o trabajo <sup>2</sup>,16.725347515025
2021,Total de 15 a 49 años de edad,"Mercado, plaza, tianguis, centro comercial, iglesia <sup>3</sup>",13.6627099011585
2016,Total de 15 a 49 años de edad,"Mercado, plaza, tianguis, centro comercial, iglesia <sup>3</sup>",11.0577667042072
2011,Total de 15 a 49 años de edad,"Mercado, plaza, tianguis, centro comercial, iglesia <sup>3</sup>",1.29294001793647
2021,Total de 15 a 49 años de edad,Otro <sup>4</sup>,2.28049682327151
2016,Total de 15 a 49 años de edad,Otro <sup>4</sup>,2.01335409193445
2011,Total de 15 a 49 años de edad,Otro <sup>4</sup>,5.27669802298817
2021,Total de 15 a 49 años de edad,Lugar no especificado,
2016,Total de 15 a 49 años de edad,Lugar no especificado,
2011,Total de 15 a 49 años de edad,Lugar no especificado,0.183662075004603
2021,Total de 15 a 49 años de edad,A través de medios electrónicos,30.0374329851857
2016,Total de 15 a 49 años de edad,A través de medios electrónicos,22.0940754696123
2011,Total de 15 a 49 años de edad,A través de medios electrónicos,
2021,De 15 a 17 años,Con al menos un incidente de violencia sexual,38.0836979383608
2016,De 15 a 17 años,Con al menos un incidente de violencia sexual,36.6433912747865
2011,De 15 a 17 años,Con al menos un incidente de violencia sexual,25.4774922243869
2021,De 15 a 17 años,Sin incidentes,61.7572955690045
2016,De 15 a 17 años,Sin incidentes,63.3566087252135
2011,De 15 a 17 años,Sin incidentes,74.3913171913069
2021,De 15 a 17 años,No especificado,0.159006492634723
2016,De 15 a 17 años,No especificado,0.0
2011,De 15 a 17 años,No especificado,0.1311905843062
2021,De 15 a 17 años,Calle o parque,77.1240772027163
2016,De 15 a 17 años,Calle o parque,77.0245369723877
2011,De 15 a 17 años,Calle o parque,90.8101212756401
2021,De 15 a 17 años,Transporte público <sup>1</sup>,18.277631328105
2016,De 15 a 17 años,Transporte público <sup>1</sup>,21.3532813606006
2011,De 15 a 17 años,Transporte público <sup>1</sup>,6.65955981434346
2021,De 15 a 17 años,Casa particular,12.5099428736713
2016,De 15 a 17 años,Casa particular,7.46293451724586
2011,De 15 a 17 años,Casa particular,5.01596047312472
2021,De 15 a 17 años,Instalaciones de la escuela o trabajo <sup>2</sup>,20.6496229925256
2016,De 15 a 17 años,Instalaciones de la escuela o trabajo <sup>2</sup>,21.682725566957
2011,De 15 a 17 años,Instalaciones de la escuela o trabajo <sup>2</sup>,14.7628088037131
2021,De 15 a 17 años,"Mercado, plaza, tianguis, centro comercial, iglesia <sup>3</sup>",16.2547084848047
2016,De 15 a 17 años,"Mercado, plaza, tianguis, centro comercial, iglesia <sup>3</sup>",11.7276519656704
2011,De 15 a 17 años,"Mercado, plaza, tianguis, centro comercial, iglesia <sup>3</sup>",0.688007186704596
2021,De 15 a 17 años,Otro <sup>4</sup>,1.58675116191929
2016,De 15 a 17 años,Otro <sup>4</sup>,2.32224057372247
2011,De 15 a 17 años,Otro <sup>4</sup>,4.08408444377901
2021,De 15 a 17 años,Lugar no especificado,
2016,De 15 a 17 años,Lugar no especificado,
2011,De 15 a 17 años,Lugar no especificado,0.287348405449918
2021,De 15 a 17 años,A través de medios electrónicos,40.223361315812
2016,De 15 a 17 años,A través de medios electrónicos,34.2012843910057
2011,De 15 a 17 años,A través de medios electrónicos,
2021,De 18 a 19 años,Con al menos un incidente de violencia sexual,45.0579030723551
2016,De 18 a 19 años,Con al menos un incidente de violencia sexual,39.7110814813962
2011,De 18 a 19 años,Con al menos un incidente de violencia sexual,29.3854365369367
2021,De 18 a 19 años,Sin incidentes,54.8140941069839
2016,De 18 a 19 años,Sin incidentes,60.2889185186038
2011,De 18 a 19 años,Sin incidentes,70.3347101919038
2021,De 18 a 19 años,No especificado,0.128002820660958
2016,De 18 a 19 años,No especificado,0.0
2011,De 18 a 19 años,No especificado,0.279853271159494
2021,De 18 a 19 años,Calle o parque,84.0400908817379
2016,De 18 a 19 años,Calle o parque,84.8769244529103
2011,De 18 a 19 años,Calle o parque,91.878795749063
2021,De 18 a 19 años,Transporte público <sup>1</sup>,24.8353379837395
2016,De 18 a 19 años,Transporte público <sup>1</sup>,22.4046324654511
2011,De 18 a 19 años,Transporte público <sup>1</sup>,8.74483204329457
2021,De 18 a 19 años,Casa particular,11.5696662530846
2016,De 18 a 19 años,Casa particular,7.38755441889922
2011,De 18 a 19 años,Casa particular,7.07764694512981
2021,De 18 a 19 años,Instalaciones de la escuela o trabajo <sup>2</sup>,20.6477397048364
2016,De 18 a 19 años,Instalaciones de la escuela o trabajo <sup>2</sup>,15.1553461658396
2011,De 18 a 19 años,Instalaciones de la escuela o trabajo <sup>2</sup>,15.1121775028916
2021,De 18 a 19 años,"Mercado, plaza, tianguis, centro comercial, iglesia <sup>3</sup>",16.8147162922633
2016,De 18 a 19 años,"Mercado, plaza, tianguis, centro comercial, iglesia <sup>3</sup>",14.4478098281559
2011,De 18 a 19 años,"Mercado, plaza, tianguis, centro comercial, iglesia <sup>3</sup>",0.728270421922706
2021,De 18 a 19 años,Otro <sup>4</sup>,3.5935923484126
2016,De 18 a 19 años,Otro <sup>4</sup>,1.55237388472983
2011,De 18 a 19 años,Otro <sup>4</sup>,4.22813603239845
2021,De 18 a 19 años,Lugar no especificado,
2016,De 18 a 19 años,Lugar no especificado,
2011,De 18 a 19 años,Lugar no especificado,0.0474138321550342
2021,De 18 a 19 años,A través de medios electrónicos,34.7077229276508
2016,De 18 a 19 años,A través de medios electrónicos,28.5997452192347
2011,De 18 a 19 años,A través de medios electrónicos,
2021,De 20 a 24 años,Con al menos un incidente de violencia sexual,42.2642990419119
2016,De 20 a 24 años,Con al menos un incidente de violencia sexual,37.3776055478498
2011,De 20 a 24 años,Con al menos un incidente de violencia sexual,27.7103646844314
2021,De 20 a 24 años,Sin incidentes,57.6281815804428
2016,De 20 a 24 años,Sin incidentes,62.582388962519
2011,De 20 a 24 años,Sin incidentes,71.9831549490103
2021,De 20 a 24 años,No especificado,0.107519377645326
2016,De 20 a 24 años,No especificado,0.040005489631202
2011,De 20 a 24 años,No especificado,0.306480366558314
2021,De 20 a 24 años,Calle o parque,83.5667201802921
2016,De 20 a 24 años,Calle o parque,82.4873962562027
2011,De 20 a 24 años,Calle o parque,93.3176154771551
2021,De 20 a 24 años,Transporte público <sup>1</sup>,32.8082677417174
2016,De 20 a 24 años,Transporte público <sup>1</sup>,30.0742336569295
2011,De 20 a 24 años,Transporte público <sup>1</sup>,11.4321760829715
2021,De 20 a 24 años,Casa particular,8.96797030334015
2016,De 20 a 24 años,Casa particular,5.88054788258691
2011,De 20 a 24 años,Casa particular,6.337597864169
2021,De 20 a 24 años,Instalaciones de la escuela o trabajo <sup>2</sup>,18.7072081900797
2016,De 20 a 24 años,Instalaciones de la escuela o trabajo <sup>2</sup>,16.2810371655028
2011,De 20 a 24 años,Instalaciones de la escuela o trabajo <sup>2</sup>,14.7349040443929
2021,De 20 a 24 años,"Mercado, plaza, tianguis, centro comercial, iglesia <sup>3</sup>",17.1235738331527
2016,De 20 a 24 años,"Mercado, plaza, tianguis, centro comercial, iglesia <sup>3</sup>",13.0387442443917
2011,De 20 a 24 años,"Mercado, plaza, tianguis, centro comercial, iglesia <sup>3</sup>",1.21019677603227
2021,De 20 a 24 años,Otro <sup>4</sup>,2.01454076645
2016,De 20 a 24 años,Otro <sup>4</sup>,2.32700372940665
2011,De 20 a 24 años,Otro <sup>4</sup>,5.90174239615738
2021,De 20 a 24 años,Lugar no especificado,
2016,De 20 a 24 años,Lugar no especificado,
2011,De 20 a 24 años,Lugar no especificado,0.0934865653358263
2021,De 20 a 24 años,A través de medios electrónicos,35.0044887029395
2016,De 20 a 24 años,A través de medios electrónicos,23.6967313594478
2011,De 20 a 24 años,A través de medios electrónicos,
2021,De 25 a 29 años,Con al menos un incidente de violencia sexual,34.1555939345735
2016,De 25 a 29 años,Con al menos un incidente de violencia sexual,31.3389560770182
2011,De 25 a 29 años,Con al menos un incidente de violencia sexual,21.9318356216665
2021,De 25 a 29 años,Sin incidentes,65.610676770333
2016,De 25 a 29 años,Sin incidentes,68.6610439229818
2011,De 25 a 29 años,Sin incidentes,77.7473386791531
2021,De 25 a 29 años,No especificado,0.233729295093419
2016,De 25 a 29 años,No especificado,0.0
2011,De 25 a 29 años,No especificado,0.320825699180395
2021,De 25 a 29 años,Calle o parque,79.148636433146
2016,De 25 a 29 años,Calle o parque,82.5514137277204
2011,De 25 a 29 años,Calle o parque,90.6219571380347
2021,De 25 a 29 años,Transporte público <sup>1</sup>,30.1708761320743
2016,De 25 a 29 años,Transporte público <sup>1</sup>,28.7975764863297
2011,De 25 a 29 años,Transporte público <sup>1</sup>,12.4744386769367
2021,De 25 a 29 años,Casa particular,8.39336522832195
2016,De 25 a 29 años,Casa particular,7.40537087113511
2011,De 25 a 29 años,Casa particular,9.46833474072379
2021,De 25 a 29 años,Instalaciones de la escuela o trabajo <sup>2</sup>,18.333418945576
2016,De 25 a 29 años,Instalaciones de la escuela o trabajo <sup>2</sup>,14.3754378204263
2011,De 25 a 29 años,Instalaciones de la escuela o trabajo <sup>2</sup>,17.1617158329888
2021,De 25 a 29 años,"Mercado, plaza, tianguis, centro comercial, iglesia <sup>3</sup>",15.0512226904326
2016,De 25 a 29 años,"Mercado, plaza, tianguis, centro comercial, iglesia <sup>3</sup>",11.7086962863241
2011,De 25 a 29 años,"Mercado, plaza, tianguis, centro comercial, iglesia <sup>3</sup>",1.57990266945887
2021,De 25 a 29 años,Otro <sup>4</sup>,2.44484947891666
2016,De 25 a 29 años,Otro <sup>4</sup>,1.91055760946452
2011,De 25 a 29 años,Otro <sup>4</sup>,5.17198037793308
2021,De 25 a 29 años,Lugar no especificado,
2016,De 25 a 29 años,Lugar no especificado,
2011,De 25 a 29 años,Lugar no especificado,0.285137648943123
2021,De 25 a 29 años,A través de medios electrónicos,30.1489712065363
2016,De 25 a 29 años,A través de medios electrónicos,20.3217154138126
2011,De 25 a 29 años,A través de medios electrónicos,
2021,De 30 a 34 años,Con al menos un incidente de violencia sexual,27.9022706114921
2016,De 30 a 34 años,Con al menos un incidente de violencia sexual,26.1417937231018
2011,De 30 a 34 años,Con al menos un incidente de violencia sexual,16.8997224992684
2021,De 30 a 34 años,Sin incidentes,71.9578082753521
2016,De 30 a 34 años,Sin incidentes,73.8521306553729
2011,De 30 a 34 años,Sin incidentes,82.7086061021339
2021,De 30 a 34 años,No especificado,0.139921113155712
2016,De 30 a 34 años,No especificado,0.0060756215252327
2011,De 30 a 34 años,No especificado,0.391671398597644
2021,De 30 a 34 años,Calle o parque,75.6389901450592
2016,De 30 a 34 años,Calle o parque,79.0590039891564
2011,De 30 a 34 años,Calle o parque,89.0770229492685
2021,De 30 a 34 años,Transporte público <sup>1</sup>,28.6079051811737
2016,De 30 a 34 años,Transporte público <sup>1</sup>,27.5984714044055
2011,De 30 a 34 años,Transporte público <sup>1</sup>,15.1849447517611
2021,De 30 a 34 años,Casa particular,7.48766183977204
2016,De 30 a 34 años,Casa particular,6.77368053215313
2011,De 30 a 34 años,Casa particular,12.4886876583384
2021,De 30 a 34 años,Instalaciones de la escuela o trabajo <sup>2</sup>,18.1426067903118
2016,De 30 a 34 años,Instalaciones de la escuela o trabajo <sup>2</sup>,12.3354244724702
2011,De 30 a 34 años,Instalaciones de la escuela o trabajo <sup>2</sup>,17.3146907776564
2021,De 30 a 34 años,"Mercado, plaza, tianguis, centro comercial, iglesia <sup>3</sup>",11.3822079609989
2016,De 30 a 34 años,"Mercado, plaza, tianguis, centro comercial, iglesia <sup>3</sup>",10.8416074158799
2011,De 30 a 34 años,"Mercado, plaza, tianguis, centro comercial, iglesia <sup>3</sup>",0.904437188652724
2021,De 30 a 34 años,Otro <sup>4</sup>,2.42235439337967
2016,De 30 a 34 años,Otro <sup>4</sup>,2.31945456628092
2011,De 30 a 34 años,Otro <sup>4</sup>,6.50531851978181
2021,De 30 a 34 años,Lugar no especificado,
2016,De 30 a 34 años,Lugar no especificado,
2011,De 30 a 34 años,Lugar no especificado,0.217306988757802
2021,De 30 a 34 años,A través de medios electrónicos,26.2703907164483
2016,De 30 a 34 años,A través de medios electrónicos,17.4498616328814
2011,De 30 a 34 años,A través de medios electrónicos,
2021,De 35 a 39 años,Con al menos un incidente de violencia sexual,22.7863916444522
2016,De 35 a 39 años,Con al menos un incidente de violencia sexual,22.3905346541972
2011,De 35 a 39 años,Con al menos un incidente de violencia sexual,14.6613610703139
2021,De 35 a 39 años,Sin incidentes,77.0235327535725
2016,De 35 a 39 años,Sin incidentes,77.6094653458028
2011,De 35 a 39 años,Sin incidentes,84.8982980620201
2021,De 35 a 39 años,No especificado,0.190075601975265
2016,De 35 a 39 años,No especificado,0.0
2011,De 35 a 39 años,No especificado,0.440340867666005
2021,De 35 a 39 años,Calle o parque,76.0264738090717
2016,De 35 a 39 años,Calle o parque,77.3741183233384
2011,De 35 a 39 años,Calle o parque,88.679793805284
2021,De 35 a 39 años,Transporte público <sup>1</sup>,25.7049485924042
2016,De 35 a 39 años,Transporte público <sup>1</sup>,25.1949787154709
2011,De 35 a 39 años,Transporte público <sup>1</sup>,16.3413443662909
2021,De 35 a 39 años,Casa particular,8.05836358719729
2016,De 35 a 39 años,Casa particular,7.8647888636858
2011,De 35 a 39 años,Casa particular,11.6799299831537
2021,De 35 a 39 años,Instalaciones de la escuela o trabajo <sup>2</sup>,16.146357741633
2016,De 35 a 39 años,Instalaciones de la escuela o trabajo <sup>2</sup>,12.9210297361961
2011,De 35 a 39 años,Instalaciones de la escuela o trabajo <sup>2</sup>,18.4446039136602
2021,De 35 a 39 años,"Mercado, plaza, tianguis, centro comercial, iglesia <sup>3</sup>",8.18235168894233
2016,De 35 a 39 años,"Mercado, plaza, tianguis, centro comercial, iglesia <sup>3</sup>",8.42263384395488
2011,De 35 a 39 años,"Mercado, plaza, tianguis, centro comercial, iglesia <sup>3</sup>",2.20684653366118
2021,De 35 a 39 años,Otro <sup>4</sup>,1.88734247374003
2016,De 35 a 39 años,Otro <sup>4</sup>,1.79180390268154
2011,De 35 a 39 años,Otro <sup>4</sup>,5.41115771080411
2021,De 35 a 39 años,Lugar no especificado,
2016,De 35 a 39 años,Lugar no especificado,
2011,De 35 a 39 años,Lugar no especificado,0.153008842381001
2021,De 35 a 39 años,A través de medios electrónicos,22.9414427113599
2016,De 35 a 39 años,A través de medios electrónicos,17.8373481341081
2011,De 35 a 39 años,A través de medios electrónicos,
2021,De 40 a 44 años,Con al menos un incidente de violencia sexual,18.2981419914772
2016,De 40 a 44 años,Con al menos un incidente de violencia sexual,19.3978848265187
2011,De 40 a 44 años,Con al menos un incidente de violencia sexual,12.6279379157428
2021,De 40 a 44 años,Sin incidentes,81.4437129276123
2016,De 40 a 44 años,Sin incidentes,80.5927942335621
2011,De 40 a 44 años,Sin incidentes,86.948664938634
2021,De 40 a 44 años,No especificado,0.258145080910483
2016,De 40 a 44 años,No especificado,0.0093209399191951
2011,De 40 a 44 años,No especificado,0.423397145623185
2021,De 40 a 44 años,Calle o parque,74.0585591017974
2016,De 40 a 44 años,Calle o parque,77.2007222396212
2011,De 40 a 44 años,Calle o parque,90.0278762051166
2021,De 40 a 44 años,Transporte público <sup>1</sup>,25.6064830250964
2016,De 40 a 44 años,Transporte público <sup>1</sup>,25.0770234411303
2011,De 40 a 44 años,Transporte público <sup>1</sup>,15.9642219096289
2021,De 40 a 44 años,Casa particular,9.18846316645739
2016,De 40 a 44 años,Casa particular,7.62794936182193
2011,De 40 a 44 años,Casa particular,13.5714978167926
2021,De 40 a 44 años,Instalaciones de la escuela o trabajo <sup>2</sup>,14.1784250713544
2016,De 40 a 44 años,Instalaciones de la escuela o trabajo <sup>2</sup>,13.3947862620708
2011,De 40 a 44 años,Instalaciones de la escuela o trabajo <sup>2</sup>,22.4602284305637
2021,De 40 a 44 años,"Mercado, plaza, tianguis, centro comercial, iglesia <sup>3</sup>",9.07909640591266
2016,De 40 a 44 años,"Mercado, plaza, tianguis, centro comercial, iglesia <sup>3</sup>",8.21711508913237
2011,De 40 a 44 años,"Mercado, plaza, tianguis, centro comercial, iglesia <sup>3</sup>",1.73845432476867
2021,De 40 a 44 años,Otro <sup>4</sup>,2.25295526722142
2016,De 40 a 44 años,Otro <sup>4</sup>,1.76342695238171
2011,De 40 a 44 años,Otro <sup>4</sup>,5.61718392953592
2021,De 40 a 44 años,Lugar no especificado,
2016,De 40 a 44 años,Lugar no especificado,
2011,De 40 a 44 años,Lugar no especificado,0.190919360805937
2021,De 40 a 44 años,A través de medios electrónicos,21.5713816155067
2016,De 40 a 44 años,A través de medios electrónicos,15.0426639200155
2011,De 40 a 44 años,A través de medios electrónicos,
2021,De 45 a 49 años,Con al menos un incidente de violencia sexual,16.4482412087935
2016,De 45 a 49 años,Con al menos un incidente de violencia sexual,17.0097147707338
2011,De 45 a 49 años,Con al menos un incidente de violencia sexual,9.19300378913236
2021,De 45 a 49 años,Sin incidentes,83.2771975553212
2016,De 45 a 49 años,Sin incidentes,82.9902852292662
2011,De 45 a 49 años,Sin incidentes,90.4668753370122
2021,De 45 a 49 años,No especificado,0.274561235885289
2016,De 45 a 49 años,No especificado,0.0
2011,De 45 a 49 años,No especificado,0.340120873855492
2021,De 45 a 49 años,Calle o parque,69.5299984676891
2016,De 45 a 49 años,Calle o parque,72.3145349780392
2011,De 45 a 49 años,Calle o parque,87.7040420633515
2021,De 45 a 49 años,Transporte público <sup>1</sup>,26.3082452254586
2016,De 45 a 49 años,Transporte público <sup>1</sup>,24.9031141660608
2011,De 45 a 49 años,Transporte público <sup>1</sup>,13.952416138941
2021,De 45 a 49 años,Casa particular,8.98212768328528
2016,De 45 a 49 años,Casa particular,8.59970678891806
2011,De 45 a 49 años,Casa particular,12.9851056163857
2021,De 45 a 49 años,Instalaciones de la escuela o trabajo <sup>2</sup>,14.0175797846407
2016,De 45 a 49 años,Instalaciones de la escuela o trabajo <sup>2</sup>,9.07962964075634
2011,De 45 a 49 años,Instalaciones de la escuela o trabajo <sup>2</sup>,18.3969148656819
2021,De 45 a 49 años,"Mercado, plaza, tianguis, centro comercial, iglesia <sup>3</sup>",8.87681613662641
2016,De 45 a 49 años,"Mercado, plaza, tianguis, centro comercial, iglesia <sup>3</sup>",6.78020584859974
2011,De 45 a 49 años,"Mercado, plaza, tianguis, centro comercial, iglesia <sup>3</sup>",1.81889797438826
2021,De 45 a 49 años,Otro <sup>4</sup>,2.50240294203686
2016,De 45 a 49 años,Otro <sup>4</sup>,1.46395246135081
2011,De 45 a 49 años,Otro <sup>4</sup>,4.6225107326278
2021,De 45 a 49 años,Lugar no especificado,
2016,De 45 a 49 años,Lugar no especificado,
2011,De 45 a 49 años,Lugar no especificado,0.243964996061141
2021,De 45 a 49 años,A través de medios electrónicos,18.4874698761614
2016,De 45 a 49 años,A través de medios electrónicos,15.0434409041476
2011,De 45 a 49 años,A través de medios electrónicos,
2021,De 50 a 54 años,Con al menos un incidente de violencia sexual,12.4327900298292
2016,De 50 a 54 años,Con al menos un incidente de violencia sexual,13.9412872699731
2011,De 50 a 54 años,Con al menos un incidente de violencia sexual,6.90308012354458
2021,De 50 a 54 años,Sin incidentes,87.1847551774488
2016,De 50 a 54 años,Sin incidentes,86.0551899442079
2011,De 50 a 54 años,Sin incidentes,92.4900429328041
2021,De 50 a 54 años,No especificado,0.382454792721974
2016,De 50 a 54 años,No especificado,0.0035227858190256
2011,De 50 a 54 años,No especificado,0.606876943651358
2021,De 50 a 54 años,Calle o parque,68.9611798464924
2016,De 50 a 54 años,Calle o parque,70.4446703714305
2011,De 50 a 54 años,Calle o parque,82.0433972055121
2021,De 50 a 54 años,Transporte público <sup>1</sup>,28.5616246607514
2016,De 50 a 54 años,Transporte público <sup>1</sup>,28.8892617780892
2011,De 50 a 54 años,Transporte público <sup>1</sup>,22.1468931982856
2021,De 50 a 54 años,Casa particular,9.5141259633106
2016,De 50 a 54 años,Casa particular,8.52898500656395
2011,De 50 a 54 años,Casa particular,11.4681632103938
2021,De 50 a 54 años,Instalaciones de la escuela o trabajo <sup>2</sup>,12.4641310180181
2016,De 50 a 54 años,Instalaciones de la escuela o trabajo <sup>2</sup>,9.14925328937628
2011,De 50 a 54 años,Instalaciones de la escuela o trabajo <sup>2</sup>,18.0882550787031
2021,De 50 a 54 años,"Mercado, plaza, tianguis, centro comercial, iglesia <sup>3</sup>",8.64024480337188
2016,De 50 a 54 años,"Mercado, plaza, tianguis, centro comercial, iglesia <sup>3</sup>",6.66719309847894
2011,De 50 a 54 años,"Mercado, plaza, tianguis, centro comercial, iglesia <sup>3</sup>",0.907631988622168
2021,De 50 a 54 años,Otro <sup>4</sup>,2.10684096334948
2016,De 50 a 54 años,Otro <sup>4</sup>,2.41079448431069
2011,De 50 a 54 años,Otro <sup>4</sup>,4.54056235705637
2021,De 50 a 54 años,Lugar no especificado,
2016,De 50 a 54 años,Lugar no especificado,
2011,De 50 a 54 años,Lugar no especificado,0.227748842036478
2021,De 50 a 54 años,A través de medios electrónicos,15.92796653006
2016,De 50 a 54 años,A través de medios electrónicos,11.9374993830877
2011,De 50 a 54 años,A través de medios electrónicos,
2021,De 55 a 59 años,Con al menos un incidente de violencia sexual,8.32661326712831
2016,De 55 a 59 años,Con al menos un incidente de violencia sexual,9.47226816906707
2011,De 55 a 59 años,Con al menos un incidente de violencia sexual,4.41745368781985
2021,De 55 a 59 años,Sin incidentes,91.2484359470461
2016,De 55 a 59 años,Sin incidentes,90.5277318309329
2011,De 55 a 59 años,Sin incidentes,95.0379968402736
2021,De 55 a 59 años,No especificado,0.424950785825619
2016,De 55 a 59 años,No especificado,0.0
2011,De 55 a 59 años,No especificado,0.544549471906581
2021,De 55 a 59 años,Calle o parque,68.7047668328567
2016,De 55 a 59 años,Calle o parque,61.5082217463152
2011,De 55 a 59 años,Calle o parque,81.8807552785787
2021,De 55 a 59 años,Transporte público <sup>1</sup>,26.1980015243796
2016,De 55 a 59 años,Transporte público <sup>1</sup>,29.6571987521027
2011,De 55 a 59 años,Transporte público <sup>1</sup>,18.3592223979165
2021,De 55 a 59 años,Casa particular,9.90322287408485
2016,De 55 a 59 años,Casa particular,12.3189103870408
2011,De 55 a 59 años,Casa particular,11.6017114687006
2021,De 55 a 59 años,Instalaciones de la escuela o trabajo <sup>2</sup>,9.75148417232482
2016,De 55 a 59 años,Instalaciones de la escuela o trabajo <sup>2</sup>,14.0751554313916
2011,De 55 a 59 años,Instalaciones de la escuela o trabajo <sup>2</sup>,14.6051530090224
2021,De 55 a 59 años,"Mercado, plaza, tianguis, centro comercial, iglesia <sup>3</sup>",6.2087001517387
2016,De 55 a 59 años,"Mercado, plaza, tianguis, centro comercial, iglesia <sup>3</sup>",3.85373517010382
2011,De 55 a 59 años,"Mercado, plaza, tianguis, centro comercial, iglesia <sup>3</sup>",2.12910426937029
2021,De 55 a 59 años,Otro <sup>4</sup>,1.97889643309162
2016,De 55 a 59 años,Otro <sup>4</sup>,2.20382816957769
2011,De 55 a 59 años,Otro <sup>4</sup>,8.71174774439587
2021,De 55 a 59 años,Lugar no especificado,
2016,De 55 a 59 años,Lugar no especificado,
2011,De 55 a 59 años,Lugar no especificado,0.213003441540322
2021,De 55 a 59 años,A través de medios electrónicos,14.0774356858659
2016,De 55 a 59 años,A través de medios electrónicos,8.89497358222117
2011,De 55 a 59 años,A través de medios electrónicos,
2021,De 60 años y más,Con al menos un incidente de violencia sexual,4.85979724492398
2016,De 60 años y más,Con al menos un incidente de violencia sexual,4.51563130446239
2011,De 60 años y más,Con al menos un incidente de violencia sexual,1.62954090540927
2021,De 60 años y más,Sin incidentes,94.7882242330482
2016,De 60 años y más,Sin incidentes,95.4843686955376
2011,De 60 años y más,Sin incidentes,98.1672380806066
2021,De 60 años y más,No especificado,0.351978522027842
2016,De 60 años y más,No especificado,0.0
2011,De 60 años y más,No especificado,0.203221013984148
2021,De 60 años y más,Calle o parque,65.10400820986
2016,De 60 años y más,Calle o parque,64.1631872830625
2011,De 60 años y más,Calle o parque,83.4209373631187
2021,De 60 años y más,Transporte público <sup>1</sup>,21.1919281818884
2016,De 60 años y más,Transporte público <sup>1</sup>,24.8648070828513
2011,De 60 años y más,Transporte público <sup>1</sup>,19.9632897398995
2021,De 60 años y más,Casa particular,14.401311397992
2016,De 60 años y más,Casa particular,13.2325569696665
2011,De 60 años y más,Casa particular,14.7153911937092
2021,De 60 años y más,Instalaciones de la escuela o trabajo <sup>2</sup>,3.85245864419248
2016,De 60 años y más,Instalaciones de la escuela o trabajo <sup>2</sup>,5.16028220735449
2011,De 60 años y más,Instalaciones de la escuela o trabajo <sup>2</sup>,9.23596771165759
2021,De 60 años y más,"Mercado, plaza, tianguis, centro comercial, iglesia <sup>3</sup>",6.68958283194762
2016,De 60 años y más,"Mercado, plaza, tianguis, centro comercial, iglesia <sup>3</sup>",6.58389506514412
2011,De 60 años y más,"Mercado, plaza, tianguis, centro comercial, iglesia <sup>3</sup>",3.35085413929041
2021,De 60 años y más,Otro <sup>4</sup>,2.60826525839717
2016,De 60 años y más,Otro <sup>4</sup>,4.30668041651995
2011,De 60 años y más,Otro <sup>4</sup>,8.11693052166114
2021,De 60 años y más,Lugar no especificado,
2016,De 60 años y más,Lugar no especificado,
2011,De 60 años y más,Lugar no especificado,0.14183509584298
2021,De 60 años y más,A través de medios electrónicos,7.67154202785359
2016,De 60 años y más,A través de medios electrónicos,7.77264952965441
2011,De 60 años y más,A través de medios electrónicos,
2021,No especificado,Con al menos un incidente de violencia sexual,23.219766728054
2016,No especificado,Con al menos un incidente de violencia sexual,22.9261955378041
2011,No especificado,Con al menos un incidente de violencia sexual,15.9911853541269
2021,No especificado,Sin incidentes,74.1277880090035
2016,No especificado,Sin incidentes,77.0738044621959
2011,No especificado,Sin incidentes,84.0088146458731
2021,No especificado,No especificado,2.6524452629425
2016,No especificado,No especificado,0.0
2011,No especificado,No especificado,0.0
2021,No especificado,Calle o parque,53.5139898656092
2016,No especificado,Calle o parque,80.4336627171826
2011,No especificado,Calle o parque,94.2468921653657
2021,No especificado,Transporte público <sup>1</sup>,22.7803480942939
2016,No especificado,Transporte público <sup>1</sup>,31.307076289046
2011,No especificado,Transporte público <sup>1</sup>,23.9086441167968
2021,No especificado,Casa particular,32.8706763604318
2016,No especificado,Casa particular,2.03250128787524
2011,No especificado,Casa particular,7.25643249494073
2021,No especificado,Instalaciones de la escuela o trabajo <sup>2</sup>,20.6543291473893
2016,No especificado,Instalaciones de la escuela o trabajo <sup>2</sup>,18.629700744626
2011,No especificado,Instalaciones de la escuela o trabajo <sup>2</sup>,7.23715910185988
2021,No especificado,"Mercado, plaza, tianguis, centro comercial, iglesia <sup>3</sup>",0.0
2016,No especificado,"Mercado, plaza, tianguis, centro comercial, iglesia <sup>3</sup>",2.23856132627734
2011,No especificado,"Mercado, plaza, tianguis, centro comercial, iglesia <sup>3</sup>",5.66637756577045
2021,No especificado,Otro <sup>4</sup>,0.0
2016,No especificado,Otro <sup>4</sup>,2.08869948016672
2011,No especificado,Otro <sup>4</sup>,0.0
2021,No especificado,Lugar no especificado,
2016,No especificado,Lugar no especificado,
2011,No especificado,Lugar no especificado,0.838392599017057
2021,No especificado,A través de medios electrónicos,36.0211500330469
2016,No especificado,A través de medios electrónicos,20.6294197536646
2011,No especificado,A través de medios electrónicos,
