Year,Entidad federativa,Municipio,GeoCode,Value
2021 P/,San Quintín,San Quintín,2006,
2020,San Quintín,San Quintín,2006,
2019,San Quintín,San Quintín,2006,
2018,San Quintín,San Quintín,2006,
2017,San Quintín,San Quintín,2006,
2016,San Quintín,San Quintín,2006,
2015,San Quintín,San Quintín,2006,
2021 P/,San Quintín,Seybaplaya,4012,
2020,San Quintín,Seybaplaya,4012,
2019,San Quintín,Seybaplaya,4012,
2018,San Quintín,Seybaplaya,4012,
2017,San Quintín,Seybaplaya,4012,
2016,San Quintín,Seybaplaya,4012,
2015,San Quintín,Seybaplaya,4012,
2021 P/,San Quintín,Dzitbalché,4013,
2020,San Quintín,Dzitbalché,4013,
2019,San Quintín,Dzitbalché,4013,
2018,San Quintín,Dzitbalché,4013,
2017,San Quintín,Dzitbalché,4013,
2016,San Quintín,Dzitbalché,4013,
2015,San Quintín,Dzitbalché,4013,
2021 P/,San Quintín,Capitán Luis Ángel Vidal,7120,
2020,San Quintín,Capitán Luis Ángel Vidal,7120,
2019,San Quintín,Capitán Luis Ángel Vidal,7120,
2018,San Quintín,Capitán Luis Ángel Vidal,7120,
2017,San Quintín,Capitán Luis Ángel Vidal,7120,
2016,San Quintín,Capitán Luis Ángel Vidal,7120,
2015,San Quintín,Capitán Luis Ángel Vidal,7120,
2021 P/,San Quintín,Rincón Chamula San Pedro,7121,
2020,San Quintín,Rincón Chamula San Pedro,7121,
2019,San Quintín,Rincón Chamula San Pedro,7121,
2018,San Quintín,Rincón Chamula San Pedro,7121,
2017,San Quintín,Rincón Chamula San Pedro,7121,
2016,San Quintín,Rincón Chamula San Pedro,7121,
2015,San Quintín,Rincón Chamula San Pedro,7121,
2021 P/,San Quintín,El Parral,7122,
2020,San Quintín,El Parral,7122,
2019,San Quintín,El Parral,7122,
2018,San Quintín,El Parral,7122,
2017,San Quintín,El Parral,7122,
2016,San Quintín,El Parral,7122,
2015,San Quintín,El Parral,7122,
2021 P/,San Quintín,Emiliano Zapata,7123,
2020,San Quintín,Emiliano Zapata,7123,
2019,San Quintín,Emiliano Zapata,7123,
2018,San Quintín,Emiliano Zapata,7123,
2017,San Quintín,Emiliano Zapata,7123,
2016,San Quintín,Emiliano Zapata,7123,
2015,San Quintín,Emiliano Zapata,7123,
2021 P/,San Quintín,Mezcalapa,7124,
2020,San Quintín,Mezcalapa,7124,
2019,San Quintín,Mezcalapa,7124,
2018,San Quintín,Mezcalapa,7124,
2017,San Quintín,Mezcalapa,7124,
2016,San Quintín,Mezcalapa,7124,
2015,San Quintín,Mezcalapa,7124,
2021 P/,San Quintín,Honduras de la Sierra,7125,
2020,San Quintín,Honduras de la Sierra,7125,
2019,San Quintín,Honduras de la Sierra,7125,
2018,San Quintín,Honduras de la Sierra,7125,
2017,San Quintín,Honduras de la Sierra,7125,
2016,San Quintín,Honduras de la Sierra,7125,
2015,San Quintín,Honduras de la Sierra,7125,
2021 P/,San Quintín,Coatetelco,17034,
2020,San Quintín,Coatetelco,17034,
2019,San Quintín,Coatetelco,17034,
2018,San Quintín,Coatetelco,17034,
2017,San Quintín,Coatetelco,17034,
2016,San Quintín,Coatetelco,17034,
2015,San Quintín,Coatetelco,17034,
2021 P/,San Quintín,Xoxocotla,17035,
2020,San Quintín,Xoxocotla,17035,
2019,San Quintín,Xoxocotla,17035,
2018,San Quintín,Xoxocotla,17035,
2017,San Quintín,Xoxocotla,17035,
2016,San Quintín,Xoxocotla,17035,
2015,San Quintín,Xoxocotla,17035,
2021 P/,San Quintín,Hueyapan,17036,
2020,San Quintín,Hueyapan,17036,
2019,San Quintín,Hueyapan,17036,
2018,San Quintín,Hueyapan,17036,
2017,San Quintín,Hueyapan,17036,
2016,San Quintín,Hueyapan,17036,
2015,San Quintín,Hueyapan,17036,
2021 P/,Estados Unidos Mexicanos,,0,76.3120266
2020,Estados Unidos Mexicanos,,0,73.24067632
2019,Estados Unidos Mexicanos,,0,71.0501755
2018,Estados Unidos Mexicanos,,0,66.27200378
2017,Estados Unidos Mexicanos,,0,64.38612052
2016,Estados Unidos Mexicanos,,0,59.87846286
2015,Estados Unidos Mexicanos,,0,57.81607649
2021 P/,Aguascalientes,,1,
2020,Aguascalientes,,1,
2019,Aguascalientes,,1,
2018,Aguascalientes,,1,77.68442486
2017,Aguascalientes,,1,75.68343829
2016,Aguascalientes,,1,73.38585781
2015,Aguascalientes,,1,70.47418609
2021 P/,Aguascalientes,Aguascalientes,10010001,81.11215003
2020,Aguascalientes,Aguascalientes,10010001,76.66958029
2019,Aguascalientes,Aguascalientes,10010001,
2018,Aguascalientes,Aguascalientes,10010001,70.88435068
2017,Aguascalientes,Aguascalientes,10010001,67.88108912
2016,Aguascalientes,Aguascalientes,10010001,64.59919986
2015,Aguascalientes,Aguascalientes,10010001,61.63409487
2021 P/,Baja California,,2,
2020,Baja California,,2,
2019,Baja California,,2,
2018,Baja California,,2,82.96699542
2017,Baja California,,2,80.91982515
2016,Baja California,,2,79.9695702
2015,Baja California,,2,
2021 P/,Baja California,Ensenada,20010001,
2020,Baja California,Ensenada,20010001,
2019,Baja California,Ensenada,20010001,
2018,Baja California,Ensenada,20010001,84.29502653
2017,Baja California,Ensenada,20010001,83.03346395
2016,Baja California,Ensenada,20010001,77.93179653
2015,Baja California,Ensenada,20010001,
2021 P/,Baja California,Mexicali,20020001,
2020,Baja California,Mexicali,20020001,
2019,Baja California,Mexicali,20020001,
2018,Baja California,Mexicali,20020001,82.39900012
2017,Baja California,Mexicali,20020001,82.07085432
2016,Baja California,Mexicali,20020001,79.79548931
2015,Baja California,Mexicali,20020001,78.56014141
2021 P/,Baja California,Tijuana,20040001,90.4635512
2020,Baja California,Tijuana,20040001,87.99999878
2019,Baja California,Tijuana,20040001,
2018,Baja California,Tijuana,20040001,84.97837358
2017,Baja California,Tijuana,20040001,83.64307574
2016,Baja California,Tijuana,20040001,80.23562499
2015,Baja California,Tijuana,20040001,77.74009932
2021 P/,Baja California Sur,,3,
2020,Baja California Sur,,3,
2019,Baja California Sur,,3,
2018,Baja California Sur,,3,82.13067275
2017,Baja California Sur,,3,80.87306923
2016,Baja California Sur,,3,78.60206238
2015,Baja California Sur,,3,75.76268109
2021 P/,Baja California Sur,La Paz,30030001,86.64009167
2020,Baja California Sur,La Paz,30030001,92.10302835
2019,Baja California Sur,La Paz,30030001,
2018,Baja California Sur,La Paz,30030001,83.57664287
2017,Baja California Sur,La Paz,30030001,84.48968546
2016,Baja California Sur,La Paz,30030001,75.93107494
2015,Baja California Sur,La Paz,30030001,78.08774335
2021 P/,Campeche,,4,
2020,Campeche,,4,
2019,Campeche,,4,
2018,Campeche,,4,79.15390553
2017,Campeche,,4,77.57679166
2016,Campeche,,4,75.07464423
2015,Campeche,,4,71.79306388
2021 P/,Campeche,Campeche,40020001,71.62022761
2020,Campeche,Campeche,40020001,70.57041819
2019,Campeche,Campeche,40020001,
2018,Campeche,Campeche,40020001,66.08540814
2017,Campeche,Campeche,40020001,64.92522362
2016,Campeche,Campeche,40020001,55.54483809
2015,Campeche,Campeche,40020001,57.69308465
2021 P/,Campeche,Ciudad del Carmen,40030001,
2020,Campeche,Ciudad del Carmen,40030001,
2019,Campeche,Ciudad del Carmen,40030001,
2018,Campeche,Ciudad del Carmen,40030001,
2017,Campeche,Ciudad del Carmen,40030001,
2016,Campeche,Ciudad del Carmen,40030001,
2015,Campeche,Ciudad del Carmen,40030001,
2021 P/,Coahuila de Zaragoza,,5,
2020,Coahuila de Zaragoza,,5,
2019,Coahuila de Zaragoza,,5,
2018,Coahuila de Zaragoza,,5,77.99116291
2017,Coahuila de Zaragoza,,5,77.92747958
2016,Coahuila de Zaragoza,,5,73.98353048
2015,Coahuila de Zaragoza,,5,70.18772679
2021 P/,Coahuila de Zaragoza,Saltillo,50300001,
2020,Coahuila de Zaragoza,Saltillo,50300001,
2019,Coahuila de Zaragoza,Saltillo,50300001,
2018,Coahuila de Zaragoza,Saltillo,50300001,74.41968663
2017,Coahuila de Zaragoza,Saltillo,50300001,71.37526695
2016,Coahuila de Zaragoza,Saltillo,50300001,68.99705181
2015,Coahuila de Zaragoza,Saltillo,50300001,
2021 P/,Coahuila de Zaragoza,Torreón,50350001,81.79575556
2020,Coahuila de Zaragoza,Torreón,50350001,75.69732762
2019,Coahuila de Zaragoza,Torreón,50350001,
2018,Coahuila de Zaragoza,Torreón,50350001,69.25672388
2017,Coahuila de Zaragoza,Torreón,50350001,69.01334164
2016,Coahuila de Zaragoza,Torreón,50350001,65.89028299
2015,Coahuila de Zaragoza,Torreón,50350001,61.03516567
2021 P/,Colima,,6,
2020,Colima,,6,
2019,Colima,,6,
2018,Colima,,6,81.1180088
2017,Colima,,6,79.19098425
2016,Colima,,6,76.18493505
2015,Colima,,6,75.70057972
2021 P/,Colima,Colima,60020001,80.43935538
2020,Colima,Colima,60020001,84.25538989
2019,Colima,Colima,60020001,
2018,Colima,Colima,60020001,75.31322178
2017,Colima,Colima,60020001,70.15538915
2016,Colima,Colima,60020001,65.73038427
2015,Colima,Colima,60020001,66.54585463
2021 P/,Chiapas,,7,
2020,Chiapas,,7,
2019,Chiapas,,7,
2018,Chiapas,,7,68.74952068
2017,Chiapas,,7,65.5695268
2016,Chiapas,,7,60.56301989
2015,Chiapas,,7,
2021 P/,Chiapas,Tapachula,70890001,
2020,Chiapas,Tapachula,70890001,
2019,Chiapas,Tapachula,70890001,
2018,Chiapas,Tapachula,70890001,73.41055626
2017,Chiapas,Tapachula,70890001,69.42008762
2016,Chiapas,Tapachula,70890001,65.2191233
2015,Chiapas,Tapachula,70890001,63.10120206
2021 P/,Chiapas,Tuxtla Gutiérrez,71010001,45.50083308
2020,Chiapas,Tuxtla Gutiérrez,71010001,45.85025556
2019,Chiapas,Tuxtla Gutiérrez,71010001,
2018,Chiapas,Tuxtla Gutiérrez,71010001,41.61793097
2017,Chiapas,Tuxtla Gutiérrez,71010001,37.17088275
2016,Chiapas,Tuxtla Gutiérrez,71010001,33.20983974
2015,Chiapas,Tuxtla Gutiérrez,71010001,33.79548937
2021 P/,Chihuahua,,8,
2020,Chihuahua,,8,
2019,Chihuahua,,8,
2018,Chihuahua,,8,81.47618633
2017,Chihuahua,,8,78.49075449
2016,Chihuahua,,8,76.20345779
2015,Chihuahua,,8,71.12552224
2021 P/,Chihuahua,Chihuahua,80190001,
2020,Chihuahua,Chihuahua,80190001,
2019,Chihuahua,Chihuahua,80190001,
2018,Chihuahua,Chihuahua,80190001,77.74183986
2017,Chihuahua,Chihuahua,80190001,79.59456446
2016,Chihuahua,Chihuahua,80190001,72.53176735
2015,Chihuahua,Chihuahua,80190001,
2021 P/,Chihuahua,Juárez,80370001,80.5776237
2020,Chihuahua,Juárez,80370001,81.37047705
2019,Chihuahua,Juárez,80370001,
2018,Chihuahua,Juárez,80370001,73.99322237
2017,Chihuahua,Juárez,80370001,72.74441568
2016,Chihuahua,Juárez,80370001,65.85622776
2015,Chihuahua,Juárez,80370001,62.39004505
2021 P/,Ciudad de México,,9,
2020,Ciudad de México,,9,
2019,Ciudad de México,,9,
2018,Ciudad de México,,9,76.88624704
2017,Ciudad de México,,9,74.9435272
2016,Ciudad de México,,9,72.0635094
2015,Ciudad de México,,9,69.79090832
2021 P/,Ciudad de México,Zona Metropolitana del Valle de México,90019013,92.49662618
2020,Ciudad de México,Zona Metropolitana del Valle de México,90019013,83.08316795
2019,Ciudad de México,Zona Metropolitana del Valle de México,90019013,
2018,Ciudad de México,Zona Metropolitana del Valle de México,90019013,75.3410231
2017,Ciudad de México,Zona Metropolitana del Valle de México,90019013,76.51832371
2016,Ciudad de México,Zona Metropolitana del Valle de México,90019013,71.81842014
2015,Ciudad de México,Zona Metropolitana del Valle de México,90019013,71.49760002
2021 P/,Durango,,10,
2020,Durango,,10,
2019,Durango,,10,
2018,Durango,,10,80.02240283
2017,Durango,,10,78.14005567
2016,Durango,,10,77.07984239
2015,Durango,,10,69.44183624
2021 P/,Durango,Durango,100050001,70.82601127
2020,Durango,Durango,100050001,76.56606119
2019,Durango,Durango,100050001,
2018,Durango,Durango,100050001,65.39040777
2017,Durango,Durango,100050001,60.58746766
2016,Durango,Durango,100050001,58.2667079
2015,Durango,Durango,100050001,52.72160819
2021 P/,Guanajuato,,11,
2020,Guanajuato,,11,
2019,Guanajuato,,11,
2018,Guanajuato,,11,69.99555212
2017,Guanajuato,,11,69.0324305
2016,Guanajuato,,11,66.34312031
2015,Guanajuato,,11,
2021 P/,Guanajuato,Celaya,110070001,
2020,Guanajuato,Celaya,110070001,
2019,Guanajuato,Celaya,110070001,
2018,Guanajuato,Celaya,110070001,67.97138003
2017,Guanajuato,Celaya,110070001,68.07330354
2016,Guanajuato,Celaya,110070001,61.50597964
2015,Guanajuato,Celaya,110070001,
2021 P/,Guanajuato,Irapuato,110170001,
2020,Guanajuato,Irapuato,110170001,
2019,Guanajuato,Irapuato,110170001,
2018,Guanajuato,Irapuato,110170001,75.27319608
2017,Guanajuato,Irapuato,110170001,72.08912017
2016,Guanajuato,Irapuato,110170001,67.38372547
2015,Guanajuato,Irapuato,110170001,65.78170223
2021 P/,Guanajuato,León,110200001,72.84858635
2020,Guanajuato,León,110200001,66.26847306
2019,Guanajuato,León,110200001,
2018,Guanajuato,León,110200001,59.81734176
2017,Guanajuato,León,110200001,56.73047916
2016,Guanajuato,León,110200001,51.77104591
2015,Guanajuato,León,110200001,51.91369693
2021 P/,Guerrero,,12,
2020,Guerrero,,12,
2019,Guerrero,,12,
2018,Guerrero,,12,70.78113703
2017,Guerrero,,12,67.13048993
2016,Guerrero,,12,64.49586746
2015,Guerrero,,12,62.69814492
2021 P/,Guerrero,Acapulco,120010001,
2020,Guerrero,Acapulco,120010001,
2019,Guerrero,Acapulco,120010001,
2018,Guerrero,Acapulco,120010001,76.237946
2017,Guerrero,Acapulco,120010001,75.40732845
2016,Guerrero,Acapulco,120010001,66.88142386
2015,Guerrero,Acapulco,120010001,
2021 P/,Guerrero,Chilpancingo de los Bravo,120290001,60.61878815
2020,Guerrero,Chilpancingo de los Bravo,120290001,61.39591547
2019,Guerrero,Chilpancingo de los Bravo,120290001,
2018,Guerrero,Chilpancingo de los Bravo,120290001,52.04776595
2017,Guerrero,Chilpancingo de los Bravo,120290001,48.23393612
2016,Guerrero,Chilpancingo de los Bravo,120290001,42.46333634
2015,Guerrero,Chilpancingo de los Bravo,120290001,42.0587172
2021 P/,Hidalgo,,13,
2020,Hidalgo,,13,
2019,Hidalgo,,13,
2018,Hidalgo,,13,79.52248937
2017,Hidalgo,,13,81.2756401
2016,Hidalgo,,13,77.85291751
2015,Hidalgo,,13,74.97497355
2021 P/,Hidalgo,Pachuca,130480001,70.85707213
2020,Hidalgo,Pachuca,130480001,70.44859105
2019,Hidalgo,Pachuca,130480001,
2018,Hidalgo,Pachuca,130480001,57.49874285
2017,Hidalgo,Pachuca,130480001,59.18204967
2016,Hidalgo,Pachuca,130480001,56.14834294
2015,Hidalgo,Pachuca,130480001,55.32366822
2021 P/,Jalisco,,14,
2020,Jalisco,,14,
2019,Jalisco,,14,
2018,Jalisco,,14,80.7075561
2017,Jalisco,,14,77.23152804
2016,Jalisco,,14,75.02368614
2015,Jalisco,,14,73.03216276
2021 P/,Jalisco,Guadalajara,140390001,83.09512364
2020,Jalisco,Guadalajara,140390001,77.17760564
2019,Jalisco,Guadalajara,140390001,
2018,Jalisco,Guadalajara,140390001,73.84209856
2017,Jalisco,Guadalajara,140390001,71.25769052
2016,Jalisco,Guadalajara,140390001,68.54174561
2015,Jalisco,Guadalajara,140390001,66.99718503
2021 P/,México,,15,
2020,México,,15,
2019,México,,15,
2018,México,,15,72.13290554
2017,México,,15,68.93125236
2016,México,,15,65.20434228
2015,México,,15,62.50572158
2021 P/,México,Toluca,151060001,81.25285351
2020,México,Toluca,151060001,84.34037553
2019,México,Toluca,151060001,
2018,México,Toluca,151060001,73.98649433
2017,México,Toluca,151060001,70.69237444
2016,México,Toluca,151060001,66.39969987
2015,México,Toluca,151060001,63.74206641
2021 P/,Michoacán de Ocampo,,16,
2020,Michoacán de Ocampo,,16,
2019,Michoacán de Ocampo,,16,
2018,Michoacán de Ocampo,,16,75.13700063
2017,Michoacán de Ocampo,,16,75.25506259
2016,Michoacán de Ocampo,,16,72.36708826
2015,Michoacán de Ocampo,,16,65.95651107
2021 P/,Michoacán de Ocampo,Morelia,160530001,
2020,Michoacán de Ocampo,Morelia,160530001,
2019,Michoacán de Ocampo,Morelia,160530001,
2018,Michoacán de Ocampo,Morelia,160530001,76.28111438
2017,Michoacán de Ocampo,Morelia,160530001,69.87103664
2016,Michoacán de Ocampo,Morelia,160530001,66.46066835
2015,Michoacán de Ocampo,Morelia,160530001,
2021 P/,Michoacán de Ocampo,Uruapan,161020001,68.08456611
2020,Michoacán de Ocampo,Uruapan,161020001,60.4164166
2019,Michoacán de Ocampo,Uruapan,161020001,
2018,Michoacán de Ocampo,Uruapan,161020001,57.78671652
2017,Michoacán de Ocampo,Uruapan,161020001,53.11029057
2016,Michoacán de Ocampo,Uruapan,161020001,51.35212445
2015,Michoacán de Ocampo,Uruapan,161020001,43.9337847
2021 P/,Morelos,,17,
2020,Morelos,,17,
2019,Morelos,,17,
2018,Morelos,,17,76.7643792
2017,Morelos,,17,72.29659041
2016,Morelos,,17,70.17348079
2015,Morelos,,17,65.40955907
2021 P/,Morelos,Cuernavaca,170070001,77.5778967
2020,Morelos,Cuernavaca,170070001,74.35403008
2019,Morelos,Cuernavaca,170070001,
2018,Morelos,Cuernavaca,170070001,69.23049113
2017,Morelos,Cuernavaca,170070001,67.40967183
2016,Morelos,Cuernavaca,170070001,62.3465073
2015,Morelos,Cuernavaca,170070001,57.6057228
2021 P/,Nayarit,,18,
2020,Nayarit,,18,
2019,Nayarit,,18,
2018,Nayarit,,18,83.2435431
2017,Nayarit,,18,82.64115208
2016,Nayarit,,18,79.57780987
2015,Nayarit,,18,75.66019845
2021 P/,Nayarit,Tepic,180170001,74.33684027
2020,Nayarit,Tepic,180170001,72.12747229
2019,Nayarit,Tepic,180170001,
2018,Nayarit,Tepic,180170001,66.74947733
2017,Nayarit,Tepic,180170001,66.98357846
2016,Nayarit,Tepic,180170001,64.4186806
2015,Nayarit,Tepic,180170001,57.56020776
2021 P/,Nuevo León,,19,
2020,Nuevo León,,19,
2019,Nuevo León,,19,
2018,Nuevo León,,19,80.55038647
2017,Nuevo León,,19,76.16264321
2016,Nuevo León,,19,73.18253402
2015,Nuevo León,,19,73.33911086
2021 P/,Nuevo León,Monterrey,190390001,91.16707435
2020,Nuevo León,Monterrey,190390001,83.91480573
2019,Nuevo León,Monterrey,190390001,
2018,Nuevo León,Monterrey,190390001,77.50280676
2017,Nuevo León,Monterrey,190390001,74.54529635
2016,Nuevo León,Monterrey,190390001,69.77694332
2015,Nuevo León,Monterrey,190390001,69.79718781
2021 P/,Oaxaca,,20,
2020,Oaxaca,,20,
2019,Oaxaca,,20,
2018,Oaxaca,,20,75.05927074
2017,Oaxaca,,20,73.18229663
2016,Oaxaca,,20,66.68479461
2015,Oaxaca,,20,68.40377339
2021 P/,Oaxaca,Oaxaca,200670001,58.17021795
2020,Oaxaca,Oaxaca,200670001,55.48611852
2019,Oaxaca,Oaxaca,200670001,
2018,Oaxaca,Oaxaca,200670001,49.15919915
2017,Oaxaca,Oaxaca,200670001,48.31868661
2016,Oaxaca,Oaxaca,200670001,37.20511378
2015,Oaxaca,Oaxaca,200670001,41.89894318
2021 P/,Puebla,,21,
2020,Puebla,,21,
2019,Puebla,,21,
2018,Puebla,,21,73.63146769
2017,Puebla,,21,73.97669832
2016,Puebla,,21,69.97676141
2015,Puebla,,21,66.04755851
2021 P/,Puebla,Puebla,211140001,
2020,Puebla,Puebla,211140001,
2019,Puebla,Puebla,211140001,
2018,Puebla,Puebla,211140001,72.33958919
2017,Puebla,Puebla,211140001,69.84665149
2016,Puebla,Puebla,211140001,65.12299512
2015,Puebla,Puebla,211140001,
2021 P/,Puebla,Tehuacán,211560001,67.90418886
2020,Puebla,Tehuacán,211560001,62.55506997
2019,Puebla,Tehuacán,211560001,
2018,Puebla,Tehuacán,211560001,55.78905353
2017,Puebla,Tehuacán,211560001,56.05012212
2016,Puebla,Tehuacán,211560001,50.19697309
2015,Puebla,Tehuacán,211560001,47.74228113
2021 P/,Querétaro,,22,
2020,Querétaro,,22,
2019,Querétaro,,22,
2018,Querétaro,,22,82.71767103
2017,Querétaro,,22,82.41252025
2016,Querétaro,,22,77.9876049
2015,Querétaro,,22,74.6384151
2021 P/,Querétaro,Querétaro,220140001,86.24289646
2020,Querétaro,Querétaro,220140001,72.94343866
2019,Querétaro,Querétaro,220140001,
2018,Querétaro,Querétaro,220140001,67.4205993
2017,Querétaro,Querétaro,220140001,64.11700774
2016,Querétaro,Querétaro,220140001,58.74387368
2015,Querétaro,Querétaro,220140001,56.65940106
2021 P/,Quintana Roo,,23,
2020,Quintana Roo,,23,
2019,Quintana Roo,,23,
2018,Quintana Roo,,23,83.06226979
2017,Quintana Roo,,23,85.35162917
2016,Quintana Roo,,23,83.85731137
2015,Quintana Roo,,23,76.8490388
2021 P/,Quintana Roo,Cancún,230050001,91.34785571
2020,Quintana Roo,Cancún,230050001,88.41792707
2019,Quintana Roo,Cancún,230050001,
2018,Quintana Roo,Cancún,230050001,81.67600412
2017,Quintana Roo,Cancún,230050001,80.8239755
2016,Quintana Roo,Cancún,230050001,76.96696695
2015,Quintana Roo,Cancún,230050001,70.5823727
2021 P/,San Luis Potosí,,24,
2020,San Luis Potosí,,24,
2019,San Luis Potosí,,24,
2018,San Luis Potosí,,24,81.82312417
2017,San Luis Potosí,,24,77.86864125
2016,San Luis Potosí,,24,75.11413276
2015,San Luis Potosí,,24,75.5526413
2021 P/,San Luis Potosí,San Luis Potosí,240280001,74.83394518
2020,San Luis Potosí,San Luis Potosí,240280001,67.1475171
2019,San Luis Potosí,San Luis Potosí,240280001,
2018,San Luis Potosí,San Luis Potosí,240280001,61.24270343
2017,San Luis Potosí,San Luis Potosí,240280001,57.77867582
2016,San Luis Potosí,San Luis Potosí,240280001,53.83146604
2015,San Luis Potosí,San Luis Potosí,240280001,50.87169081
2021 P/,Sinaloa,,25,
2020,Sinaloa,,25,
2019,Sinaloa,,25,
2018,Sinaloa,,25,82.99319327
2017,Sinaloa,,25,81.34673433
2016,Sinaloa,,25,76.94232955
2015,Sinaloa,,25,78.29623931
2021 P/,Sinaloa,Culiacán,250060001,
2020,Sinaloa,Culiacán,250060001,
2019,Sinaloa,Culiacán,250060001,
2018,Sinaloa,Culiacán,250060001,79.17675728
2017,Sinaloa,Culiacán,250060001,74.95422172
2016,Sinaloa,Culiacán,250060001,71.39825733
2015,Sinaloa,Culiacán,250060001,
2021 P/,Sinaloa,Mazatlán,250120001,77.98413372
2020,Sinaloa,Mazatlán,250120001,75.17777217
2019,Sinaloa,Mazatlán,250120001,
2018,Sinaloa,Mazatlán,250120001,70.24688149
2017,Sinaloa,Mazatlán,250120001,66.11889543
2016,Sinaloa,Mazatlán,250120001,63.0171408
2015,Sinaloa,Mazatlán,250120001,59.39805442
2021 P/,Sonora,,26,
2020,Sonora,,26,
2019,Sonora,,26,
2018,Sonora,,26,81.62587233
2017,Sonora,,26,78.27013374
2016,Sonora,,26,72.59619583
2015,Sonora,,26,
2021 P/,Sonora,Ciudad Obregón,260180001,
2020,Sonora,Ciudad Obregón,260180001,
2019,Sonora,Ciudad Obregón,260180001,
2018,Sonora,Ciudad Obregón,260180001,88.66001037
2017,Sonora,Ciudad Obregón,260180001,86.05102663
2016,Sonora,Ciudad Obregón,260180001,84.85567451
2015,Sonora,Ciudad Obregón,260180001,81.21944829
2021 P/,Sonora,Hermosillo,260300001,83.37417901
2020,Sonora,Hermosillo,260300001,85.46964547
2019,Sonora,Hermosillo,260300001,
2018,Sonora,Hermosillo,260300001,80.7003579
2017,Sonora,Hermosillo,260300001,81.05914964
2016,Sonora,Hermosillo,260300001,73.28526032
2015,Sonora,Hermosillo,260300001,69.7941245
2021 P/,Tabasco,,27,
2020,Tabasco,,27,
2019,Tabasco,,27,
2018,Tabasco,,27,76.53850155
2017,Tabasco,,27,78.96463874
2016,Tabasco,,27,76.26648777
2015,Tabasco,,27,69.17089304
2021 P/,Tabasco,Villahermosa,270040001,65.53465315
2020,Tabasco,Villahermosa,270040001,68.53312708
2019,Tabasco,Villahermosa,270040001,
2018,Tabasco,Villahermosa,270040001,54.96870433
2017,Tabasco,Villahermosa,270040001,60.70491866
2016,Tabasco,Villahermosa,270040001,57.30309675
2015,Tabasco,Villahermosa,270040001,47.60774015
2021 P/,Tamaulipas,,28,
2020,Tamaulipas,,28,
2019,Tamaulipas,,28,
2018,Tamaulipas,,28,75.59231172
2017,Tamaulipas,,28,72.44458709
2016,Tamaulipas,,28,70.97073599
2015,Tamaulipas,,28,
2021 P/,Tamaulipas,Heroica Matamoros,280220001,
2020,Tamaulipas,Heroica Matamoros,280220001,
2019,Tamaulipas,Heroica Matamoros,280220001,
2018,Tamaulipas,Heroica Matamoros,280220001,75.63112579
2017,Tamaulipas,Heroica Matamoros,280220001,72.80391329
2016,Tamaulipas,Heroica Matamoros,280220001,69.30949294
2015,Tamaulipas,Heroica Matamoros,280220001,
2021 P/,Tamaulipas,Nuevo Laredo,280270001,
2020,Tamaulipas,Nuevo Laredo,280270001,
2019,Tamaulipas,Nuevo Laredo,280270001,
2018,Tamaulipas,Nuevo Laredo,280270001,80.1800164
2017,Tamaulipas,Nuevo Laredo,280270001,76.3933506
2016,Tamaulipas,Nuevo Laredo,280270001,72.24965477
2015,Tamaulipas,Nuevo Laredo,280270001,
2021 P/,Tamaulipas,Reynosa,280320001,
2020,Tamaulipas,Reynosa,280320001,
2019,Tamaulipas,Reynosa,280320001,
2018,Tamaulipas,Reynosa,280320001,77.9493905
2017,Tamaulipas,Reynosa,280320001,78.25058367
2016,Tamaulipas,Reynosa,280320001,77.45849774
2015,Tamaulipas,Reynosa,280320001,72.84459797
2021 P/,Tamaulipas,Tampico,280380001,81.07547142
2020,Tamaulipas,Tampico,280380001,84.18148059
2019,Tamaulipas,Tampico,280380001,
2018,Tamaulipas,Tampico,280380001,74.80933172
2017,Tamaulipas,Tampico,280380001,71.64977156
2016,Tamaulipas,Tampico,280380001,68.42918281
2015,Tamaulipas,Tampico,280380001,64.0511654
2021 P/,Tlaxcala,,29,
2020,Tlaxcala,,29,
2019,Tlaxcala,,29,
2018,Tlaxcala,,29,68.45097579
2017,Tlaxcala,,29,61.9480166
2016,Tlaxcala,,29,57.84725365
2015,Tlaxcala,,29,61.72968844
2021 P/,Tlaxcala,Tlaxcala,290330001,73.69545913
2020,Tlaxcala,Tlaxcala,290330001,73.23297958
2019,Tlaxcala,Tlaxcala,290330001,
2018,Tlaxcala,Tlaxcala,290330001,61.4049331
2017,Tlaxcala,Tlaxcala,290330001,57.97040319
2016,Tlaxcala,Tlaxcala,290330001,55.04040714
2015,Tlaxcala,Tlaxcala,290330001,53.4766987
2021 P/,Veracruz de Ignacio de la Llave,,30,
2020,Veracruz de Ignacio de la Llave,,30,
2019,Veracruz de Ignacio de la Llave,,30,
2018,Veracruz de Ignacio de la Llave,,30,74.28846329
2017,Veracruz de Ignacio de la Llave,,30,72.38874874
2016,Veracruz de Ignacio de la Llave,,30,67.56796513
2015,Veracruz de Ignacio de la Llave,,30,
2021 P/,Veracruz de Ignacio de la Llave,Coatzacoalcos,300390001,
2020,Veracruz de Ignacio de la Llave,Coatzacoalcos,300390001,
2019,Veracruz de Ignacio de la Llave,Coatzacoalcos,300390001,
2018,Veracruz de Ignacio de la Llave,Coatzacoalcos,300390001,77.18589892
2017,Veracruz de Ignacio de la Llave,Coatzacoalcos,300390001,79.54975137
2016,Veracruz de Ignacio de la Llave,Coatzacoalcos,300390001,71.81039326
2015,Veracruz de Ignacio de la Llave,Coatzacoalcos,300390001,
2021 P/,Veracruz de Ignacio de la Llave,Xalapa-Enríquez,300870001,
2020,Veracruz de Ignacio de la Llave,Xalapa-Enríquez,300870001,
2019,Veracruz de Ignacio de la Llave,Xalapa-Enríquez,300870001,
2018,Veracruz de Ignacio de la Llave,Xalapa-Enríquez,300870001,72.21550823
2017,Veracruz de Ignacio de la Llave,Xalapa-Enríquez,300870001,73.47065383
2016,Veracruz de Ignacio de la Llave,Xalapa-Enríquez,300870001,72.32817373
2015,Veracruz de Ignacio de la Llave,Xalapa-Enríquez,300870001,70.65008097
2021 P/,Veracruz de Ignacio de la Llave,Veracruz,301930001,64.73514059
2020,Veracruz de Ignacio de la Llave,Veracruz,301930001,58.79283994
2019,Veracruz de Ignacio de la Llave,Veracruz,301930001,
2018,Veracruz de Ignacio de la Llave,Veracruz,301930001,53.4495948
2017,Veracruz de Ignacio de la Llave,Veracruz,301930001,52.24425921
2016,Veracruz de Ignacio de la Llave,Veracruz,301930001,48.76559459
2015,Veracruz de Ignacio de la Llave,Veracruz,301930001,48.06794647
2021 P/,Yucatán,,31,
2020,Yucatán,,31,
2019,Yucatán,,31,
2018,Yucatán,,31,82.40453479
2017,Yucatán,,31,81.3669827
2016,Yucatán,,31,77.83746021
2015,Yucatán,,31,73.73050666
2021 P/,Yucatán,Mérida,310500001,83.67870059
2020,Yucatán,Mérida,310500001,75.6553705
2019,Yucatán,Mérida,310500001,
2018,Yucatán,Mérida,310500001,70.20395436
2017,Yucatán,Mérida,310500001,69.89917638
2016,Yucatán,Mérida,310500001,63.36495324
2015,Yucatán,Mérida,310500001,61.730199
2021 P/,Zacatecas,,32,
2020,Zacatecas,,32,
2019,Zacatecas,,32,
2018,Zacatecas,,32,81.16397971
2017,Zacatecas,,32,81.03302045
2016,Zacatecas,,32,77.85932217
2015,Zacatecas,,32,73.11882705
2021 P/,Zacatecas,Zacatecas,320560001,71.47494656
2020,Zacatecas,Zacatecas,320560001,63.10812008
2019,Zacatecas,Zacatecas,320560001,
2018,Zacatecas,Zacatecas,320560001,56.00291181
2017,Zacatecas,Zacatecas,320560001,53.35828662
2016,Zacatecas,Zacatecas,320560001,49.26273972
2015,Zacatecas,Zacatecas,320560001,46.37570632
